AP,REG,type,an_total_value_value,an_total_low_value,an_total_high_value,excessrate_total_value_value,excessrate_total_low_value,excessrate_total_high_value,fraction_total_value_value,fraction_total_low_value,fraction_total_high_value
pm25v0,UKN0,Attribute,90.20969475,56.34317913,123.8970341,50.20209615,31.35526849,68.94916507,0.608925225,0.380324095,0.836315081
pm25v0,UKM95,Attribute,11.77004875,6.05709499,17.85057621,37.20456974,19.14619876,56.42480938,0.349009521,0.179607753,0.529309224
pm25v0,UKM94,Attribute,8.059761815,4.178168658,12.24307967,71.55518532,37.0940975,108.6950195,0.567024078,0.293945113,0.861328673
pm25v0,UKM93,Attribute,13.4396537,7.557191558,19.29379439,53.19008393,29.90906932,76.35902445,0.459117767,0.258165642,0.659100562
pm25v0,UKM92,Attribute,9.237650322,4.267646441,14.58785457,61.6442892,28.47866151,97.34708688,0.496736198,0.229485151,0.784429112
pm25v0,UKM91,Attribute,4.672339343,1.966359921,7.594479773,40.86409122,17.19770979,66.42099123,0.358218815,0.150757431,0.582250958
pm25v0,UKM84,Attribute,12.78600322,6.488856227,19.31649907,37.85398553,19.21078208,57.1880285,0.367841775,0.186679234,0.555716097
pm25v0,UKM83,Attribute,14.41366041,7.756139617,21.26319028,41.42129959,22.2892362,61.10513714,0.373439031,0.200951997,0.550899681
pm25v0,UKM82,Attribute,25.60841346,11.8279188,40.04370752,42.0627337,19.4278071,65.77312015,0.383650317,0.177199144,0.599910905
pm25v0,UKM81,Attribute,9.079918692,4.264305552,14.05188888,40.77365513,19.14900211,63.10041889,0.38282215,0.179790037,0.592444296
pm25v0,UKM78,Attribute,5.704753954,3.126974679,8.417327462,31.90836552,17.49010563,47.08053756,0.38806845,0.212714872,0.572589601
pm25v0,UKM77,Attribute,9.342018912,4.692022754,14.16112493,38.5668051,19.37016824,58.46154644,0.379829096,0.190769765,0.575762296
pm25v0,UKM76,Attribute,7.081672069,4.095208114,10.24012799,44.65798951,25.82495914,64.57559426,0.440026239,0.254461086,0.636275723
pm25v0,UKM75,Attribute,18.82970774,10.92136365,26.68436409,37.72546019,21.88107072,53.46223296,0.437233908,0.253598999,0.619621822
pm25v0,UKM73,Attribute,9.213356265,5.841836049,12.72190457,48.40100899,30.6892812,66.8325217,0.495995957,0.314493332,0.684873753
pm25v0,UKM72,Attribute,22.05675104,14.62961825,29.35384889,52.49693523,34.81974392,69.86461907,0.50369638,0.334089098,0.670332619
pm25v0,UKM71,Attribute,14.65140243,9.474564775,19.83392859,55.34310194,35.78851112,74.91917446,0.488982723,0.316209726,0.661944262
pm25v0,UKM66,Attribute,1.48128439,1.073277026,1.889498082,65.21474536,47.25198625,83.1865151,0.697856574,0.505640361,0.890168058
pm25v0,UKM65,Attribute,1.864426608,1.293940444,2.404458046,89.37448337,62.02775438,115.2609295,0.83541733,0.5797956,1.077390338
pm25v0,UKM64,Attribute,2.407660399,1.565552773,3.208460767,89.00085916,57.87179859,118.6029301,0.666711059,0.433519203,0.888466137
pm25v0,UKM63,Attribute,5.240716364,2.114102367,8.619406733,51.90793503,20.93961804,85.37306136,0.415474993,0.167602918,0.683329498
pm25v0,UKM62,Attribute,9.899044092,6.41447946,13.43387981,51.03924841,33.07299238,69.26460989,0.497269329,0.322226482,0.674836329
pm25v0,UKM61,Attribute,4.46305821,2.608328441,6.423665738,47.81925746,27.94685721,68.82603701,0.43583062,0.254712202,0.627286153
pm25v0,UKM50,Attribute,21.40248807,14.07082864,28.75121073,45.62355381,29.99476127,61.28865537,0.488988614,0.321481206,0.656884754
pm25v0,UKL,Attribute,226.0004454,147.4141332,307.7919593,74.22140796,48.41263209,101.0828546,0.701677003,0.457687629,0.955615157
pm25v0,UKK,Attribute,446.8244125,306.535073,589.8728702,84.54664191,58.00156077,111.6137888,0.82647596,0.566990529,1.091061946
pm25v0,UKJ,Attribute,804.2799511,617.5298634,992.3640385,93.67185384,71.92169852,115.5773648,1.036088809,0.795518181,1.278375187
pm25v0,UKI,Attribute,515.6932498,347.2354295,677.496553,64.26488834,43.27228219,84.42791357,1.026840657,0.691410829,1.349019392
pm25v0,UKH,Attribute,586.7581477,462.6769101,708.6906097,100.7499169,79.44439749,121.6864888,1.094858048,0.863334224,1.322369909
pm25v0,UKG,Attribute,411.0536163,299.7706484,523.0112434,73.69584569,53.74444063,93.76821541,0.782264512,0.570489063,0.995320847
pm25v0,UKF,Attribute,386.3939976,292.7343395,478.1422016,85.57020742,64.82839784,105.8887622,0.904925071,0.685580243,1.119791067
pm25v0,UKE,Attribute,411.6188581,282.7097807,537.7391287,78.27187094,53.75893332,102.254568,0.814273004,0.559265173,1.063761549
pm25v0,UKD,Attribute,500.0350608,319.6049091,678.3425442,71.08487918,45.43492704,96.43311663,0.712798676,0.45559946,0.966968193
pm25v0,UKC,Attribute,204.0576605,149.3989999,257.6010563,78.77730324,57.67609148,99.44796914,0.751929408,0.550521189,0.949226092
pm25v0,SK042,Attribute,77.90763351,62.28527852,94.41859911,98.9536519,79.1111126,119.924822,1.657322136,1.324988774,2.00855907
pm25v0,SK041,Attribute,51.95945446,36.79709335,67.01121262,64.08124059,45.38165909,82.64437155,1.380164147,0.977418539,1.779970242
pm25v0,SK032,Attribute,52.41396005,41.18921002,63.73647494,79.66715237,62.60592674,96.87700385,1.359646697,1.068469756,1.653360164
pm25v0,SK031,Attribute,27.42095431,10.95804326,44.82123228,39.72456196,15.87485301,64.93221013,0.748484185,0.299112402,1.223439309
pm25v0,SK023,Attribute,93.96887961,80.79686528,106.3487407,135.704515,116.6820907,153.5829923,2.210944015,1.901027219,2.502222526
pm25v0,SK022,Attribute,45.97612134,37.82739594,54.37455848,77.30006193,63.59947593,91.42052015,1.434270895,1.180065674,1.696264972
pm25v0,SK021,Attribute,61.12850404,51.2540288,70.96282259,110.139664,92.34821226,127.8587218,2.001675254,1.678335209,2.323699116
pm25v0,SK010,Attribute,64.74863101,45.51377088,83.4057111,106.1715113,74.63179042,136.7633308,1.297489398,0.912047729,1.671350519
pm25v0,SI044,Attribute,19.75388952,17.50110384,22.02866575,180.3961036,159.8239381,201.1689048,1.951966935,1.729368221,2.176736245
pm25v0,SI043,Attribute,15.34426557,12.73759054,17.91002464,129.1720523,107.2282809,150.7714199,1.2499114,1.037581249,1.458907047
pm25v0,SI042,Attribute,16.29790817,12.68774999,19.64426908,80.77052247,62.87908493,97.35457536,0.947246463,0.737427626,1.141730492
pm25v0,SI041,Attribute,38.76895485,28.9439354,48.44174606,75.88600619,56.65509727,94.81862223,0.919545936,0.686515025,1.148962987
pm25v0,SI038,Attribute,5.801890516,4.591319435,6.935783078,111.8211249,88.48960431,133.6747682,1.083836483,0.857698341,1.295648178
pm25v0,SI037,Attribute,14.62442064,11.84461525,17.16675262,103.4739003,83.80569407,121.4618564,1.086644433,0.880098357,1.275544456
pm25v0,SI036,Attribute,20.04649144,18.00049114,21.8536579,264.3281054,237.3499928,288.1570177,1.651483053,1.482926389,1.800364069
pm25v0,SI035,Attribute,6.715989865,5.633297602,7.711196307,114.1836264,95.77574738,131.104147,1.3769918,1.155005027,1.581041295
pm25v0,SI034,Attribute,26.13022699,22.59795967,28.99068434,103.2598161,89.30127704,114.5635359,1.296581797,1.121315163,1.438513048
pm25v0,SI033,Attribute,6.662693917,5.204863265,8.006798719,92.0646921,71.9203384,110.6376478,0.968184186,0.756342101,1.163499681
pm25v0,SI032,Attribute,55.20357648,49.67104761,60.17312131,171.5365122,154.3451212,186.9785108,1.679557388,1.511234459,1.830751366
pm25v0,SI031,Attribute,31.14626477,28.04504431,34.03749765,261.3561622,235.3324207,285.6179274,2.264667936,2.039174564,2.474893135
pm25v0,SE3,Attribute,56.90039733,0,119.2266256,33.22862795,0,69.62574612,0.291759132,0,0.611341688
pm25v0,SE2,Attribute,150.1456246,71.47288102,224.8410085,36.78621955,17.51117596,55.0866715,0.378490417,0.180170272,0.566784643
pm25v0,SE1,Attribute,87.53824134,31.41476193,142.2060413,24.41011649,8.760149676,39.65377175,0.28377614,0.101838495,0.460994739
pm25v0,RS229,Attribute,96.20272242,80.47952832,112.3562534,1134.810302,949.3385484,1325.358525,3.937911994,3.294216,4.599263303
pm25v0,RS228,Attribute,164.4598353,134.1012717,194.1004929,830.128244,676.8899867,979.7428906,4.083226335,3.329437549,4.819208997
pm25v0,RS227,Attribute,235.5344833,196.7290484,275.4437711,1252.427087,1046.082788,1464.641406,5.089353213,4.250849575,5.951712159
pm25v0,RS226,Attribute,80.81058555,64.2028065,97.43525058,946.2397167,751.7728754,1140.904533,3.002485104,2.385368751,3.620260834
pm25v0,RS225,Attribute,499.1586195,434.5771887,567.2320358,1374.109832,1196.326547,1561.506097,3.821752704,3.327288814,4.342953828
pm25v0,RS224,Attribute,363.4995534,308.4016558,420.2748008,1797.990535,1525.456851,2078.821368,4.153838527,3.524147489,4.802724942
pm25v0,RS223,Attribute,142.1379486,109.6202927,174.2154671,1307.138667,1008.096732,1602.133466,3.601595235,2.777517861,4.414590058
pm25v0,RS222,Attribute,214.6315042,177.4150378,251.2005797,1269.39104,1049.28172,1485.671775,3.980451358,3.290264395,4.6586276
pm25v0,RS221,Attribute,113.6634237,90.20365248,135.7948914,997.8773509,791.9182529,1192.175121,3.212118267,2.549123942,3.837584812
pm25v0,RS218,Attribute,378.8326987,315.5400491,440.7033821,1333.496395,1110.704958,1551.282646,3.734786208,3.110802755,4.344751739
pm25v0,RS217,Attribute,164.6228218,135.5787424,194.132593,538.7237796,443.6777624,635.2937809,2.946345597,2.426543277,3.474475456
pm25v0,RS216,Attribute,218.6179767,179.2441278,257.7458395,969.3094669,794.7329347,1142.795587,3.677448,3.015085759,4.335690296
pm25v0,RS215,Attribute,232.2243528,193.0089508,268.6077408,1155.873375,960.6821744,1336.968651,3.976405071,3.304860852,4.599472484
pm25v0,RS214,Attribute,123.3719006,98.37338738,147.5226363,613.3666957,489.08169,733.4368948,2.724654025,2.172563459,3.258022121
pm25v0,RS213,Attribute,305.17973,243.7499515,363.1067411,1083.437582,865.3510344,1289.089086,4.287703429,3.424613901,5.101586393
pm25v0,RS212,Attribute,174.7154502,139.2921878,210.2930824,1062.119185,846.7754423,1278.401815,3.954192866,3.152468834,4.759420132
pm25v0,RS211,Attribute,142.9603775,114.6695254,169.7115342,529.9937337,425.1115162,629.1679494,2.35519581,1.889128148,2.795894169
pm25v0,RS127,Attribute,222.5085619,184.6253196,258.6663253,741.5957027,615.3349867,862.1056557,3.23293604,2.682494933,3.758312595
pm25v0,RS126,Attribute,163.4829602,137.2927582,189.5771071,926.4777523,778.0545392,1074.35667,3.293181729,2.765566306,3.818878607
pm25v0,RS125,Attribute,247.1463703,210.2606335,283.9407098,1374.147873,1169.060889,1578.726749,3.053392333,2.597665482,3.50799655
pm25v0,RS124,Attribute,124.8857306,106.1735495,144.1232721,907.3062468,771.3603314,1047.069035,3.175739171,2.699862939,3.66499132
pm25v0,RS123,Attribute,565.5146495,463.9947243,660.0512764,914.840845,750.6106882,1067.774015,3.152686496,2.586721981,3.679720256
pm25v0,RS122,Attribute,230.3103186,192.0055086,267.4141853,821.7510854,685.0787366,954.1384989,3.236331359,2.698031853,3.757768764
pm25v0,RS121,Attribute,155.1309861,130.374344,178.9580058,890.1439812,748.0896625,1026.864218,3.114723219,2.617639427,3.593148355
pm25v0,RS110,Attribute,1037.902309,861.156796,1207.193201,614.6125241,509.9495201,714.8611289,3.242634447,2.690448206,3.771528885
pm25v0,RO424,Attribute,234.6244279,190.2879411,277.0859437,345.0674701,279.8623258,407.5144404,2.808144264,2.277496903,3.316349976
pm25v0,RO423,Attribute,103.6617892,85.85650255,120.4427653,235.6248504,195.1507674,273.771436,1.86860258,1.547642334,2.17109962
pm25v0,RO422,Attribute,93.35850647,80.5580603,106.2957533,303.1522347,261.5843356,345.1651902,2.306770125,1.990477892,2.626445713
pm25v0,RO421,Attribute,170.7977675,150.4540998,190.3427728,385.2897154,339.3963482,429.3817957,2.783704803,2.452127443,3.102267784
pm25v0,RO415,Attribute,86.19624888,73.30358251,97.63266774,220.3311696,187.3744606,249.5656697,2.040295878,1.735101764,2.311023798
pm25v0,RO414,Attribute,207.8428763,180.99715,232.9588775,463.5962786,403.7124432,519.6227887,3.3499545,2.917251264,3.754780825
pm25v0,RO413,Attribute,135.7055534,111.9210531,158.1496791,486.0445777,400.8486683,566.4428689,3.434567905,2.832568509,4.002656792
pm25v0,RO412,Attribute,97.12243456,84.41542238,110.1741012,271.9162904,236.3380528,308.4601797,2.414433216,2.098536239,2.738899795
pm25v0,RO411,Attribute,363.8137339,317.4519737,409.6839217,533.8332412,465.8011869,601.145194,3.651570451,3.18623244,4.111977009
pm25v0,RO322,Attribute,92.35030811,71.6627495,113.1570034,263.2745901,204.3076525,322.5753958,2.68250509,2.081647757,3.28678993
pm25v0,RO321,Attribute,542.8456381,390.4219866,692.6147748,286.1187425,205.779363,365.0598588,2.159620208,1.553240219,2.755430692
pm25v0,RO317,Attribute,234.2883556,199.8497295,269.0052312,601.9603898,513.469603,691.168674,3.582990895,3.056281639,4.113968677
pm25v0,RO316,Attribute,215.9197212,191.0811681,240.5490852,275.3356457,243.6610439,306.7437639,2.185969371,1.934504898,2.435315807
pm25v0,RO315,Attribute,120.9292895,105.4233161,135.1462315,433.2598809,377.7024976,484.1995737,3.436098867,2.995508274,3.840063146
pm25v0,RO314,Attribute,155.716666,135.2232598,176.1996128,554.7378725,481.7287217,627.7103017,3.800667741,3.30045429,4.300631731
pm25v0,RO313,Attribute,144.3916705,127.5029939,161.7487088,276.8539023,244.4711708,310.1348752,2.348229544,2.073569151,2.630507254
pm25v0,RO312,Attribute,145.2590167,126.8874199,163.9262221,473.0413194,413.2109815,533.8351301,3.583179566,3.129991404,4.043661704
pm25v0,RO311,Attribute,121.5851317,106.4738593,136.7214898,195.4791776,171.1834776,219.8153439,1.658330265,1.452225303,1.86477695
pm25v0,RO226,Attribute,132.3327879,111.2416719,152.8310224,364.6194101,306.5018075,421.1050584,2.922517744,2.456731616,3.375209333
pm25v0,RO225,Attribute,82.45120705,71.92761926,92.27123578,362.7256743,316.4261791,405.9306837,2.84811264,2.484595192,3.187327254
pm25v0,RO224,Attribute,208.2746019,176.0850902,238.7772098,366.2533784,309.6436885,419.8977982,3.141521731,2.656005699,3.601588559
pm25v0,RO223,Attribute,185.3032967,159.2977466,211.2403432,264.5399308,227.4136258,301.5686515,2.389751803,2.054385636,2.724230378
pm25v0,RO222,Attribute,195.5275014,165.2032187,225.419018,422.7029688,357.141922,487.3299078,3.057245614,2.583099614,3.524624579
pm25v0,RO221,Attribute,143.0604694,122.2643364,162.5152739,426.2543759,364.2858468,484.2277548,3.064605249,2.619131447,3.481341569
pm25v0,RO216,Attribute,159.2841472,132.7323158,184.3559004,377.1142086,314.2454357,436.4806509,3.110140258,2.591706931,3.599670557
pm25v0,RO215,Attribute,146.354256,117.5985019,174.7558867,218.5979071,175.6462849,261.0212626,1.958444681,1.573654926,2.338492714
pm25v0,RO214,Attribute,134.7276709,108.4505376,159.3079055,263.0552473,211.7442054,311.0550057,2.148737025,1.729660105,2.54074664
pm25v0,RO213,Attribute,249.1053574,206.1854291,290.7022519,310.4808237,256.9856615,362.3271525,2.67392645,2.213236802,3.12040784
pm25v0,RO212,Attribute,160.2071286,134.0461777,185.4577096,375.0259489,313.7824041,434.1397326,2.916059999,2.43988293,3.375666815
pm25v0,RO211,Attribute,183.3261167,154.220331,211.2086602,276.9823938,233.0034082,319.1144296,2.238943276,1.883490021,2.579453186
pm25v0,RO126,Attribute,75.60555564,64.11031522,87.0901504,183.1373765,155.2921905,210.9569779,1.648457043,1.397827528,1.898852423
pm25v0,RO125,Attribute,155.020902,129.3604645,177.8377563,274.3737396,228.9556942,314.7591698,2.107489251,1.758641203,2.417678632
pm25v0,RO124,Attribute,53.13648529,39.871193,65.68636565,167.0407161,125.3390514,206.4937803,1.470464895,1.103367287,1.817766024
pm25v0,RO123,Attribute,36.81648988,28.65356208,44.53778556,170.7279161,132.8734398,206.5348021,1.505815918,1.171948395,1.821619959
pm25v0,RO122,Attribute,81.60782204,64.05658174,98.2804053,142.1198192,111.5540097,171.1556188,1.347209101,1.057471683,1.62243938
pm25v0,RO121,Attribute,93.15412557,82.12091976,104.9694609,260.0932401,229.2858386,293.085099,2.141054501,1.887459206,2.412629256
pm25v0,RO116,Attribute,71.17373388,62.90141516,79.78323204,305.8384465,270.2894589,342.837046,2.38218022,2.105295664,2.670353562
pm25v0,RO115,Attribute,123.3129765,105.1060272,141.0642881,347.6058533,296.28031,397.6476667,2.812611178,2.397322447,3.217510976
pm25v0,RO114,Attribute,81.47931874,64.08474967,99.91424909,165.1636205,129.9028139,202.5339182,1.480952245,1.16479309,1.816020052
pm25v0,RO113,Attribute,139.415317,117.9553515,161.1797896,200.6208839,169.7398758,231.9399944,1.593620911,1.348320285,1.842401208
pm25v0,RO112,Attribute,49.74647471,39.35883436,59.43574624,165.3112173,130.791341,197.5107638,1.560141445,1.234365157,1.864015874
pm25v0,RO111,Attribute,205.5794731,178.7799606,230.9036333,351.9703056,306.0861606,395.3287389,2.705729202,2.353004339,3.039037082
pm25v0,PT30,Attribute,33.75735303,24.85004846,42.79482249,130.3022206,95.92052214,165.1862095,1.285243349,0.946111092,1.629334778
pm25v0,PT20,Attribute,52.23678338,31.07263325,73.10370948,213.7226307,127.1305082,299.0996105,2.20269129,1.310237794,3.082632374
pm25v0,PT18,Attribute,182.4247314,149.0313376,214.1144216,242.9187931,198.4511402,285.1180096,1.752790074,1.431936185,2.057274429
pm25v0,PT17,Attribute,369.5294761,286.7666392,456.1097985,132.3728216,102.7258941,163.3870022,1.398068337,1.084951606,1.725624006
pm25v0,PT16,Attribute,320.7116465,256.5311441,380.6039539,138.5857699,110.8517757,164.4668844,1.170889115,0.936574065,1.389547527
pm25v0,PT15,Attribute,116.6115297,95.42503227,138.3456619,264.9445252,216.8085768,314.3245465,2.403679435,1.966973931,2.851670427
pm25v0,PT11,Attribute,329.7440759,253.6875197,403.5233457,89.77303176,69.06643939,109.8597117,1.009221298,0.776445468,1.235024831
pm25v0,PL926,Attribute,54.18615822,44.37025732,64.88362359,209.21695,171.3169932,250.5206979,1.863233959,1.525706594,2.231074512
pm25v0,PL925,Attribute,80.55757701,65.28592716,96.67389304,192.3150485,155.8570419,230.7895302,1.790770388,1.451285614,2.149032197
pm25v0,PL924,Attribute,68.52560826,54.77384536,82.74406706,178.7264097,142.8594655,215.8105838,1.762237991,1.408592035,2.127885103
pm25v0,PL923,Attribute,43.47452589,33.16756043,54.2541891,132.3879575,101.0013286,165.21405,1.251091204,0.954484434,1.561299186
pm25v0,PL922,Attribute,63.91782347,51.39436384,76.74609727,187.4993911,150.7624951,225.1304542,1.684404258,1.354378363,2.022462557
pm25v0,PL921,Attribute,133.5956165,110.6252589,157.6204493,218.6230488,181.033107,257.9385976,2.025317891,1.677083134,2.38953987
pm25v0,PL913,Attribute,75.69371152,50.63379505,104.422598,121.5209525,81.28906115,167.6430498,1.42472719,0.953052482,1.965446944
pm25v0,PL912,Attribute,102.149823,79.00789661,128.516486,163.8122044,126.7007931,206.0949034,1.875663047,1.450740215,2.359792521
pm25v0,PL911,Attribute,120.7474875,0,273.5243534,70.44629446,0,159.5784228,0.664951317,0,1.506277466
pm25v0,PL843,Attribute,33.33278069,25.26656678,41.57800625,125.521408,95.14641296,156.5705187,1.248573927,0.946432089,1.557420402
pm25v0,PL842,Attribute,77.02215494,62.49467665,91.14522796,197.7615364,160.4608385,234.0239065,1.673985454,1.358249202,1.980931887
pm25v0,PL841,Attribute,66.05880123,52.19853378,79.72026953,131.2196156,103.6874997,158.3568326,1.39097596,1.099131588,1.67863116
pm25v0,PL824,Attribute,110.161362,90.90413599,130.2205019,183.3125904,151.2678439,216.6917557,2.114447715,1.744834459,2.499447155
pm25v0,PL823,Attribute,93.95650957,72.78760615,116.9262945,150.7607729,116.7935821,187.6176103,1.794058339,1.389859444,2.232635309
pm25v0,PL822,Attribute,79.38188247,63.79649472,94.55408215,204.9850706,164.739451,244.1637361,2.092463742,1.681644524,2.49239012
pm25v0,PL821,Attribute,66.0509429,48.10614962,83.82636548,139.568008,101.6500097,177.1281253,1.537003372,1.119437396,1.950621678
pm25v0,PL815,Attribute,111.2038148,94.42333484,129.4209066,231.8206131,196.8392237,269.7968422,2.077499811,1.764009093,2.417828829
pm25v0,PL814,Attribute,116.4823673,96.23763886,137.1700029,164.277953,135.7263152,193.454233,1.662780991,1.373789808,1.958093975
pm25v0,PL812,Attribute,138.7093999,115.3250458,161.3392737,221.6922107,184.3181415,257.8604463,1.911187739,1.588988204,2.22299232
pm25v0,PL811,Attribute,66.39883646,55.27431078,77.72765123,220.308446,183.397725,257.8970022,1.976642657,1.645474634,2.313891948
pm25v0,PL722,Attribute,126.6995908,106.8090857,147.0743328,264.3401472,222.841496,306.8490978,2.139109241,1.803285275,2.483111321
pm25v0,PL721,Attribute,133.8508977,109.5931882,158.0880731,176.002756,144.1058753,207.8726437,1.670659533,1.367891809,1.973168819
pm25v0,PL715,Attribute,88.38397585,76.21569166,101.1024146,243.6632666,210.1168537,278.7263916,1.986985896,1.713425609,2.272914965
pm25v0,PL714,Attribute,112.4115028,97.528964,128.2632247,251.9915771,218.6295514,287.526213,2.170882879,1.883472728,2.477009668
pm25v0,PL713,Attribute,114.2754327,95.3308473,133.5517812,195.0181892,162.688056,227.9145015,1.70633266,1.423456735,1.994162399
pm25v0,PL712,Attribute,81.45420195,69.65870792,93.51667436,212.1185241,181.4013591,243.5309365,1.817254469,1.554092796,2.086373422
pm25v0,PL711,Attribute,153.7896649,114.7477386,193.501529,220.5828961,164.5844132,277.5423133,1.496850026,1.116850955,1.883369768
pm25v0,PL638,Attribute,44.84567752,34.01891582,55.17933206,105.2094522,79.80950468,129.4525563,1.180467688,0.895480772,1.452472023
pm25v0,PL637,Attribute,21.60706367,15.60107847,27.45864777,97.62999761,70.49240895,124.0699121,1.169464093,0.84440252,1.486163616
pm25v0,PL636,Attribute,32.53194206,24.0393724,40.78312501,98.64381064,72.89251077,123.6631816,1.085970622,0.802478703,1.361401889
pm25v0,PL634,Attribute,42.44411402,28.57078064,55.62178158,81.17054346,54.63928376,106.3712008,1.108063372,0.745887341,1.45207222
pm25v0,PL633,Attribute,71.38133406,46.75440369,97.65767681,95.75747445,62.7206435,131.0069857,0.950628016,0.622659241,1.30055953
pm25v0,PL623,Attribute,32.03682577,23.70688544,40.31280077,113.1110505,83.70085835,142.3307289,1.218817045,0.901915399,1.533662374
pm25v0,PL622,Attribute,62.82945695,47.29636523,77.61008983,102.7534544,77.35007403,126.9262535,1.112703018,0.837616201,1.374462413
pm25v0,PL621,Attribute,66.70008789,51.63764185,81.13685344,126.4058156,97.86032058,153.7656076,1.323740641,1.024812702,1.610249318
pm25v0,PL619,Attribute,73.79505906,62.78739322,84.509707,203.8129282,173.4107963,233.4058753,1.864096237,1.586038757,2.134751611
pm25v0,PL618,Attribute,25.22878964,19.87688511,30.3322745,135.2460546,106.5556535,162.6047342,1.451306246,1.143438801,1.744880814
pm25v0,PL617,Attribute,65.49223117,54.66325403,75.99271755,180.1260315,150.3424838,209.0061722,1.834629786,1.531285442,2.128769662
pm25v0,PL616,Attribute,61.62285763,49.70240853,73.30331653,159.2168283,128.4175002,189.3961335,1.59209708,1.284124319,1.893866885
pm25v0,PL613,Attribute,107.0619776,89.21939977,124.7322551,140.1935868,116.8294726,163.3320563,1.487738243,1.239803004,1.733276859
pm25v0,PL524,Attribute,119.6553082,102.5793257,137.6691976,203.0784272,174.0968538,233.6519351,2.037474507,1.74671583,2.344200028
pm25v0,PL523,Attribute,86.07906582,74.80759822,97.76284581,231.9418595,201.5701716,263.4247028,2.119682293,1.842132557,2.407382218
pm25v0,PL518,Attribute,104.2593249,86.83606004,121.7897924,188.6314487,157.1088755,220.3477655,2.008047747,1.672484704,2.345670867
pm25v0,PL517,Attribute,113.4813771,90.10354909,134.8125414,168.8378775,134.0558098,200.5750881,1.413466913,1.122291151,1.67914801
pm25v0,PL516,Attribute,63.93539473,52.58604636,75.93678655,142.7305824,117.3940131,169.5228227,1.532105886,1.260142741,1.81969143
pm25v0,PL515,Attribute,85.00135898,68.07698032,101.0635831,148.4382548,118.8828881,176.4881391,1.346080449,1.078072903,1.60043218
pm25v0,PL514,Attribute,109.7646732,85.91192194,134.4931509,173.8691521,136.0863147,213.0389457,1.686063624,1.319675843,2.065898479
pm25v0,PL432,Attribute,122.6310104,106.2203995,139.374661,195.6295372,169.4500904,222.3403047,2.00374823,1.735613847,2.277321208
pm25v0,PL431,Attribute,64.11846674,54.50677409,73.4431574,168.2091317,142.9937063,192.6716325,1.77280993,1.507068546,2.030612295
pm25v0,PL428,Attribute,66.45113228,53.28917154,78.06564571,131.8793229,105.7580515,154.9295103,1.453458022,1.165576606,1.707491392
pm25v0,PL427,Attribute,65.70643336,53.32144982,78.33680632,153.8472658,124.8484896,183.4206832,1.514169513,1.228769587,1.805221624
pm25v0,PL426,Attribute,37.65597694,29.7673789,45.10099284,106.8204761,84.44250591,127.940122,1.132954337,0.895613675,1.356947506
pm25v0,PL424,Attribute,53.00581347,45.07044,59.59952182,130.1634196,110.6769065,146.3552862,1.240881906,1.055116305,1.395238345
pm25v0,PL418,Attribute,77.07524173,58.51920208,96.61702347,131.320343,99.70554346,164.6140008,1.616491312,1.227331248,2.026314975
pm25v0,PL417,Attribute,97.51686119,81.73495499,113.1168507,178.8656055,149.9185041,207.4789984,1.972761196,1.653501569,2.288337877
pm25v0,PL416,Attribute,134.615686,115.3674598,153.936254,201.8389505,172.9786733,230.8077057,2.055753111,1.761817288,2.350790581
pm25v0,PL415,Attribute,69.88773492,52.36296689,88.34365691,126.0666686,94.45442043,159.3587893,1.24666866,0.934061831,1.575883383
pm25v0,PL414,Attribute,124.3497778,105.2703997,143.4983507,190.4404604,161.2205259,219.7663865,2.024346939,1.713752418,2.336065183
pm25v0,PL411,Attribute,60.7560379,49.61358737,71.39209101,149.0705563,121.7314969,175.167133,1.61371231,1.317771129,1.896200262
pm25v0,PL22C,Attribute,41.30574067,16.81460872,68.70091592,107.14595,43.61677542,178.2076102,1.244316822,0.506545038,2.069526361
pm25v0,PL22B,Attribute,139.0147229,92.16428203,183.8266756,196.4320032,130.2301839,259.7540471,1.650670242,1.094367783,2.182764919
pm25v0,PL22A,Attribute,120.1340414,59.42692899,183.2216336,157.4100918,77.86584563,240.074555,1.355170413,0.670366469,2.066823281
pm25v0,PL229,Attribute,78.74616234,43.65535735,114.1216849,162.2499582,89.94763306,235.1399522,1.631554869,0.904514107,2.364475767
pm25v0,PL228,Attribute,94.81880262,71.43873525,116.6728919,211.8137435,159.5850955,260.6337576,1.983090363,1.494117289,2.440143008
pm25v0,PL227,Attribute,112.2448507,77.000089,148.3019842,177.7588289,121.9424223,234.8620861,1.965111656,1.348105931,2.596303352
pm25v0,PL225,Attribute,62.2896401,19.67423295,103.682264,95.34498119,30.11484749,158.7031922,0.976738982,0.308506634,1.625785482
pm25v0,PL224,Attribute,109.1119633,92.61177384,125.2988152,207.1853013,175.8539326,237.9217866,1.800194879,1.527968646,2.067250216
pm25v0,PL21A,Attribute,86.47729051,55.51965392,117.2317511,157.2919685,100.9836084,213.230863,1.617602935,1.038542207,2.192843134
pm25v0,PL219,Attribute,31.50638477,15.23046975,47.01067247,94.47686537,45.67103113,140.9687273,1.098274433,0.530925378,1.638706707
pm25v0,PL218,Attribute,62.77531388,42.51230229,82.49662087,119.078384,80.64169816,156.4873455,1.495986371,1.013117262,1.965932988
pm25v0,PL217,Attribute,88.41643732,68.64554039,108.0793364,194.3460086,150.8880456,237.5666063,2.194273492,1.703623146,2.682235848
pm25v0,PL214,Attribute,115.6800147,67.12841745,163.4963324,169.2057363,98.19059171,239.143235,1.801544281,1.045434165,2.546190987
pm25v0,PL213,Attribute,49.82179754,0,141.5111971,66.00914744,0,187.4881217,0.692838159,0,1.967827901
pm25v0,NO0A3,Attribute,1.281964425,0,7.241402235,5.176166524,0,29.23820378,0.056654369,0,0.320022185
pm25v0,NO0A2,Attribute,3.085684513,0,13.57455456,9.241162097,0,40.6511064,0.064964227,0,0.285790996
pm25v0,NO0A1,Attribute,5.937846339,0.03604087,11.5891072,19.05206246,0.115643605,37.18349867,0.199691831,0.001212069,0.38974516
pm25v0,NO092,Attribute,8.469925464,3.964999686,12.85070661,32.41318274,15.17370475,49.1770962,0.352186611,0.164867742,0.534344031
pm25v0,NO091,Attribute,17.76599682,7.975693654,27.30558588,59.4917757,26.70837283,91.43395645,0.459959437,0.206489393,0.706939273
pm25v0,NO082,Attribute,24.69084947,1.617721159,49.31275756,61.54642136,4.032651567,122.9148613,0.285813452,0.018726258,0.570827868
pm25v0,NO081,Attribute,0,0,13.86660291,0,0,41.84940609,0,0,0.31732777
pm25v0,NO074,Attribute,0,0,5.752521682,0,0,24.07264292,0,0,0.294321867
pm25v0,NO071,Attribute,0,0,9.052681111,0,0,38.02438515,0,0,0.390886077
pm25v0,NO060,Attribute,2.16531285,0,11.29518156,4.806397134,0,25.07217379,0.060193378,0,0.313994939
pm25v0,NO020,Attribute,5.175944107,0,21.55203943,7.118089465,0,29.64148297,0.124321358,0,0.517661586
pm25v0,NL,Attribute,1033.744872,721.2816522,1297.558229,62.11849046,43.34240813,77.97113397,0.737674423,0.514706467,0.925924035
pm25v0,ME,Attribute,157.5907031,133.1818166,182.4641864,255.0021759,215.5056916,295.2503352,2.624791223,2.218261191,3.039052154
pm25v0,LV009,Attribute,32.85495459,23.34064136,42.25266997,126.8752918,90.13339373,163.16746,0.891270991,0.633168048,1.146214048
pm25v0,LV008,Attribute,21.21202016,12.4825905,29.4958747,97.90033756,57.61046545,136.1346465,0.658909002,0.387743632,0.916237327
pm25v0,LV007,Attribute,34.36197002,24.01178017,44.85315296,93.30843946,65.20295186,121.796784,0.756086079,0.528344308,0.986930763
pm25v0,LV006,Attribute,49.89917148,30.72538748,68.58673192,73.93378441,45.5245029,101.6228637,0.538794339,0.331760559,0.740580117
pm25v0,LV005,Attribute,45.43698026,29.53581093,60.64662194,145.0875645,94.31108873,193.657328,0.829144577,0.538967226,1.106711604
pm25v0,LV003,Attribute,23.44107415,15.14073881,31.4882199,84.96426074,54.87844955,114.1328805,0.588473328,0.380096536,0.790496126
pm25v0,LU000,Attribute,10.31098904,0,20.18065141,20.11108045,0,39.36127795,0.277951615,0,0.544005315
pm25v0,LT02,Attribute,290.040389,207.8722728,364.8139133,127.7334107,91.5466491,160.6636218,0.913763899,0.654895505,1.149335911
pm25v0,LT01,Attribute,60.89327093,33.2832684,87.5616884,74.84659991,40.91006257,107.625589,0.61149015,0.334231626,0.879291594
pm25v0,ITI45,Attribute,83.27524415,70.25766571,97.07381368,169.8711385,143.3167904,198.0186614,1.634941682,1.379378163,1.905833519
pm25v0,ITI44,Attribute,87.08962316,64.94423312,110.7072683,161.7381556,120.6121354,205.5973735,1.869806838,1.394380489,2.376814898
pm25v0,ITI43,Attribute,727.5657873,560.9653809,907.3183029,181.2528718,139.7510158,226.0296918,1.919145839,1.479727926,2.393230043
pm25v0,ITI42,Attribute,30.41524696,25.66918735,34.77809599,196.7901807,166.0829094,225.0179642,1.676006278,1.414487327,1.916406598
pm25v0,ITI41,Attribute,58.32109134,48.11874708,68.58222436,188.953821,155.8998326,222.1980749,1.637164359,1.350778249,1.925196556
pm25v0,ITI3X,Attribute,74.2066256,60.14478788,88.16123993,41.23068371,33.41764574,48.98414623,1.813309061,1.469714856,2.15427396
pm25v0,ITI33,Attribute,59.32214596,49.75676636,68.50267557,187.6788389,157.4169375,216.7230811,1.69231828,1.419451953,1.954202211
pm25v0,ITI32,Attribute,105.9596727,87.69662057,123.6643387,226.1740818,187.1921137,263.9637645,2.086911215,1.727248195,2.435564069
pm25v0,ITI31,Attribute,72.48516239,61.38243902,83.39442492,204.0220979,172.7726101,234.7266992,1.960600186,1.660305933,2.255656418
pm25v0,ITI22,Attribute,53.62582323,43.68818524,62.15046483,236.5150002,192.6857406,274.1122,1.889594156,1.539433531,2.189963664
pm25v0,ITI21,Attribute,122.9368898,105.0015795,139.579938,190.5071913,162.7144093,216.2973491,1.739564248,1.485784636,1.975056846
pm25v0,ITI1A,Attribute,45.73857182,36.60297901,54.34237057,207.0838279,165.7224517,246.0372742,1.665113273,1.332537655,1.978326614
pm25v0,ITI19,Attribute,53.40227409,43.97088945,62.44429274,201.192401,165.6600321,235.2577457,1.651635089,1.359943619,1.931282694
pm25v0,ITI18,Attribute,58.68150051,49.06281372,67.63360568,172.3733035,144.1191793,198.6693346,1.540476237,1.28797599,1.775476446
pm25v0,ITI17,Attribute,75.66603419,61.78553368,89.78193658,185.2731907,151.2865467,219.8359132,1.695626978,1.384583759,2.011940669
pm25v0,ITI16,Attribute,76.46579988,61.38740117,92.659165,227.850961,182.9210756,276.1029676,1.896686108,1.52269116,2.298327555
pm25v0,ITI15,Attribute,36.88736877,30.82248934,42.89747881,149.2966628,124.7503251,173.6211585,1.589932869,1.328531367,1.848970186
pm25v0,ITI14,Attribute,170.8920491,138.4106094,202.5921386,174.6052065,141.4184485,206.9934466,1.577055662,1.277311462,1.869586398
pm25v0,ITI13,Attribute,49.8108757,40.27976083,59.29419877,174.2226043,140.8862579,207.3915737,1.602521755,1.29589599,1.907605065
pm25v0,ITI12,Attribute,69.24422212,55.50267401,83.1138002,179.244323,143.6734107,215.1465447,1.51802196,1.216777814,1.822068745
pm25v0,ITI11,Attribute,37.05996515,28.26950396,45.98252331,186.1225375,141.974835,230.9338231,1.49372061,1.139425313,1.853334451
pm25v0,ITH59,Attribute,60.77080788,50.4030659,71.2253124,190.1169863,157.6837628,222.8209993,2.086427034,1.730517555,2.445296715
pm25v0,ITH58,Attribute,79.80812848,67.73632032,91.79854081,207.3308253,175.970177,238.4799155,1.965243668,1.667986736,2.260493951
pm25v0,ITH57,Attribute,95.20682349,79.65467577,110.5099582,251.6216317,210.5196226,292.0652717,2.196943696,1.838080705,2.550056743
pm25v0,ITH56,Attribute,115.3428368,92.06455161,136.6253303,328.7636612,262.4131065,389.4255977,2.499924286,1.995398997,2.961191218
pm25v0,ITH55,Attribute,232.5400613,190.4998158,274.2851525,239.1490773,195.9147069,282.0795991,2.08164502,1.705314942,2.455330972
pm25v0,ITH54,Attribute,135.9486699,112.4585299,159.0414566,199.5715758,165.0887638,233.4708676,1.988534332,1.644948626,2.326305207
pm25v0,ITH53,Attribute,100.1143677,84.08082152,116.266299,196.6683805,165.1718704,228.3972973,1.944057329,1.632717312,2.257694106
pm25v0,ITH52,Attribute,91.6572691,76.75099988,107.185538,214.6766892,179.7642897,251.0456479,1.85358779,1.552138721,2.167615172
pm25v0,ITH51,Attribute,70.49247736,56.78809235,83.48670286,251.1493695,202.3243936,297.4438946,2.015658256,1.623798048,2.387211293
pm25v0,ITH44,Attribute,57.47443692,42.30943937,71.95432771,244.8013406,180.2083996,306.4765421,1.728271115,1.272247536,2.163698514
pm25v0,ITH43,Attribute,34.24431401,27.55489633,40.43443808,245.4367209,197.4922031,289.8026717,2.039466636,1.6410894,2.408100489
pm25v0,ITH42,Attribute,101.6491039,80.11718411,122.0834504,190.699996,150.3050264,229.0357416,1.70692315,1.345361156,2.050050462
pm25v0,ITH41,Attribute,50.91678882,41.27473677,60.22908116,166.4624451,134.9402685,196.9062811,1.70853255,1.384997768,2.020998815
pm25v0,ITH37,Attribute,72.19971341,57.40303014,86.79905783,298.3075857,237.1714718,358.6286802,2.485999751,1.976524224,2.988676516
pm25v0,ITH36,Attribute,172.7553708,127.7292943,217.0205538,189.7524589,140.2970246,238.3716758,2.091738253,1.546576187,2.627675152
pm25v0,ITH35,Attribute,166.8378906,123.2688611,210.9935152,198.4087977,146.5956605,250.9191555,1.983222707,1.465334841,2.508066667
pm25v0,ITH34,Attribute,128.4492427,99.47000333,157.4153568,148.5655756,115.0484681,182.0671805,1.714752634,1.327904094,2.101417604
pm25v0,ITH33,Attribute,13.87156522,2.102357306,25.45816976,66.54363603,10.08522349,122.1266022,0.555990259,0.084265214,1.020396146
pm25v0,ITH32,Attribute,124.3311117,96.50719058,150.9374996,146.3712692,113.6153002,177.6937257,1.677556926,1.302151491,2.03652802
pm25v0,ITH31,Attribute,188.4831177,148.5237203,227.79288,211.1891146,166.416987,255.2328019,2.308391021,1.819022982,2.789791096
pm25v0,ITH20,Attribute,50.40461997,29.44406725,71.10008228,97.31088034,56.84524776,137.263764,1.074935897,0.627936877,1.516269551
pm25v0,ITH10,Attribute,36.60497221,7.916733247,64.52715126,73.37442357,15.86947355,129.3407841,0.9302662,0.201201638,1.639803145
pm25v0,ITG2,Attribute,261.2668308,213.5522559,308.731462,158.9736428,129.9406689,187.8545215,1.752266001,1.432276696,2.070568783
pm25v0,ITG19,Attribute,83.00704209,66.35441822,99.48466122,207.5711014,165.9289192,248.7756053,2.157597839,1.72476489,2.585873181
pm25v0,ITG18,Attribute,56.87307289,44.78330143,69.68093961,183.458058,144.4601946,224.7718812,1.92346755,1.514599496,2.356613794
pm25v0,ITG17,Attribute,197.1598527,157.8606173,237.1431906,182.3226342,145.9811322,219.2966082,2.003164146,1.603897985,2.409371233
pm25v0,ITG16,Attribute,34.86719245,29.18628015,40.41362882,202.5325111,169.5334708,234.7505704,1.913486091,1.601731716,2.217856994
pm25v0,ITG15,Attribute,57.8564349,47.15216927,68.51521477,213.3732623,173.8959478,252.6829246,2.121686106,1.729158084,2.512539705
pm25v0,ITG14,Attribute,102.3814049,84.44911016,120.3185712,229.7113458,189.4767046,269.9570329,2.283484056,1.883546433,2.683522231
pm25v0,ITG13,Attribute,134.5448585,106.0888613,164.8072578,207.7966112,163.8475296,254.5358832,1.908459365,1.50483436,2.33770033
pm25v0,ITG12,Attribute,246.561521,199.0004897,296.6624037,198.0780104,159.8694712,238.3268773,2.122060499,1.712746516,2.5532193
pm25v0,ITG11,Attribute,112.6765714,90.97641675,134.0967013,261.4204875,211.0741125,311.1171451,2.540409623,2.051176213,3.023320854
pm25v0,ITF65,Attribute,103.0724678,82.5400603,124.4301566,186.4986151,149.3471526,225.1434877,1.887149503,1.511229677,2.278175267
pm25v0,ITF64,Attribute,27.47249304,20.32182894,34.9201098,167.7730334,124.1038636,213.2560349,1.757947082,1.300389096,2.2345002
pm25v0,ITF63,Attribute,58.35753467,45.25245596,72.02739009,161.589565,125.3019871,199.4410955,1.700821196,1.318884853,2.099211803
pm25v0,ITF62,Attribute,34.84834726,28.49860073,41.42528399,203.116081,166.1061596,241.4501814,2.404930594,1.966749917,2.858777851
pm25v0,ITF61,Attribute,127.6804514,105.0145678,150.1327206,178.4183489,146.7452504,209.7930321,1.879514976,1.545874477,2.210006053
pm25v0,ITF52,Attribute,47.33182061,40.24196596,54.81588717,236.0841513,200.7207565,273.4139245,2.530846227,2.151770412,2.930991492
pm25v0,ITF51,Attribute,69.45272555,60.47934327,77.93129,183.1259917,159.465574,205.4817895,1.740295221,1.515451457,1.952739188
pm25v0,ITF4X,Attribute,605.0854713,506.5552234,702.8751941,336.1975765,281.4522023,390.5315002,3.155691859,2.64186721,3.66563977
pm25v0,ITF45,Attribute,210.0631729,170.85374,249.9070322,261.6745885,212.8314618,311.3080865,2.756026577,2.241627669,3.278735149
pm25v0,ITF44,Attribute,99.67773863,82.66638404,116.5812938,249.2329713,206.6976634,291.4988726,2.696117799,2.236014459,3.153294935
pm25v0,ITF43,Attribute,128.4533143,105.2683228,151.4598289,220.5581041,180.7486154,260.0612202,2.492480956,2.042625523,2.938864074
pm25v0,ITF35,Attribute,216.0034827,171.8845439,257.5634111,197.3801241,157.0651401,235.3566827,2.119937178,1.686958734,2.527791851
pm25v0,ITF34,Attribute,83.09924614,72.01509203,94.57487131,192.9847935,167.2432843,219.6355487,1.897518182,1.644427356,2.159544831
pm25v0,ITF33,Attribute,624.7702775,462.2509896,785.2019481,203.4057303,150.4944586,255.637378,2.462299956,1.821857543,3.094468966
pm25v0,ITF32,Attribute,65.41931663,55.32657384,75.57224557,229.9108055,194.440182,265.5931401,2.10653716,1.781557628,2.433450111
pm25v0,ITF31,Attribute,161.0116655,116.9907825,203.3337404,179.0640081,130.1086655,226.1293409,2.184505881,1.587309338,2.758619248
pm25v0,ITF22,Attribute,53.14049925,45.07529806,61.16701731,234.1479849,198.6105229,269.5151866,2.122219554,1.800137297,2.442753533
pm25v0,ITF21,Attribute,14.59455329,11.68638414,17.47552395,166.7603536,133.5306272,199.6794936,1.421571576,1.138306769,1.702185562
pm25v0,ITF14,Attribute,86.22835397,72.74397885,100.1520607,221.9840775,187.2702674,257.8288827,2.028124321,1.710986587,2.355586818
pm25v0,ITF13,Attribute,57.70630849,45.41064821,70.8823351,184.0526291,144.8371604,226.0751956,1.805130989,1.420535043,2.217246443
pm25v0,ITF12,Attribute,46.45261424,37.51979424,55.88970061,152.8145489,123.4287319,183.8590353,1.519867944,1.227611811,1.828614995
pm25v0,ITF11,Attribute,35.66247492,28.02091408,43.03335012,117.6199112,92.41692283,141.9301567,1.03959152,0.816837032,1.254453591
pm25v0,ITC4B,Attribute,105.7036665,82.61329759,129.6468526,262.8867249,205.4613382,322.4326136,2.431303688,1.900209381,2.982007207
pm25v0,ITC4A,Attribute,90.77581495,70.62395157,110.6304179,256.5010223,199.5592995,312.6025332,2.334414648,1.816194236,2.844985015
pm25v0,ITC49,Attribute,50.10178841,41.79574328,58.21187592,228.60874,190.7104531,265.6124388,2.397944058,2.000420125,2.786083542
pm25v0,ITC48,Attribute,163.1147241,137.0216803,188.5454969,308.1885647,258.8896873,356.2357145,2.523948864,2.120214282,2.917430626
pm25v0,ITC47,Attribute,172.0349484,130.4211508,213.3159017,141.3179273,107.1349317,175.2271231,1.64327042,1.245795247,2.037554979
pm25v0,ITC46,Attribute,138.4243431,103.5910992,171.7786336,129.4866987,96.90328211,160.6862099,1.534282132,1.148213743,1.903946135
pm25v0,ITC45,Attribute,875.4123317,670.2467283,1060.822093,484.601383,370.964272,587.885526,2.473090153,1.893533092,2.996815085
pm25v0,ITC44,Attribute,12.46320094,0,24.83524364,69.02216912,0,137.5391114,0.692037319,0,1.378968604
pm25v0,ITC43,Attribute,51.44585599,41.74755656,61.05673051,155.9476624,126.5498749,185.0801511,1.708922253,1.386789884,2.028139445
pm25v0,ITC42,Attribute,109.1972875,90.74348212,127.3180969,188.3257837,156.5008298,219.5759914,2.055129636,1.707859557,2.396118624
pm25v0,ITC41,Attribute,178.6912498,142.4885134,212.9793272,206.8161309,164.9163982,246.4993931,2.192624201,1.748436835,2.613302308
pm25v0,ITC34,Attribute,47.06823615,34.73819055,59.39140304,214.9775385,158.6619643,271.2615718,1.618868393,1.194791667,2.042705832
pm25v0,ITC33,Attribute,182.4868883,128.2156704,233.1131769,211.4098791,148.5363063,270.061329,1.544827481,1.085401443,1.973395982
pm25v0,ITC32,Attribute,54.42676715,38.18087311,68.60729955,194.7443115,136.6149241,245.4836236,1.444409423,1.013272848,1.820730511
pm25v0,ITC31,Attribute,51.14079856,40.04346835,61.64961703,240.1565775,188.0439578,289.5054099,1.82987966,1.432811932,2.205885945
pm25v0,ITC20,Attribute,5.73060274,0,14.89489474,45.6583555,0,118.6738505,0.436985409,0,1.13578187
pm25v0,ITC18,Attribute,114.077478,91.55984642,136.0192867,266.6728928,214.0346361,317.9650691,1.891616629,1.518234496,2.255449622
pm25v0,ITC17,Attribute,56.09937356,45.95938426,65.7634391,259.5573028,212.6421664,304.2704721,1.986955357,1.627819771,2.329231661
pm25v0,ITC16,Attribute,93.19254104,76.40538941,109.8968741,160.2197227,131.3588793,188.9381003,1.396905443,1.145279303,1.647288389
pm25v0,ITC15,Attribute,81.52366006,67.50829584,94.23713431,225.1865688,186.4736283,260.3032293,2.112304613,1.749180271,2.441691627
pm25v0,ITC14,Attribute,19.73247335,12.58339783,27.11354765,122.9590399,78.41085969,168.9530197,1.058094359,0.674748852,1.45387751
pm25v0,ITC13,Attribute,40.33329941,27.06159504,52.58964676,219.7633362,147.4492047,286.545775,1.722439314,1.15567187,2.245843721
pm25v0,ITC12,Attribute,45.11623195,36.17788496,53.90105622,255.669001,205.0156622,305.4526492,1.954172565,1.567025967,2.334664502
pm25v0,ITC11,Attribute,461.515801,363.8451077,559.0296383,205.5720937,162.0670875,249.0070901,1.962681177,1.547339568,2.377344377
pm25v0,IE0,Attribute,88.70803969,27.57201826,143.890452,19.77450999,6.146273776,32.07555551,0.303778929,0.094419954,0.492749432
pm25v0,HU33,Attribute,590.4273945,522.0306076,655.3520365,452.6497093,400.2121397,502.4256279,3.233191774,2.858641801,3.588729731
pm25v0,HU32,Attribute,592.484606,514.7358513,672.4444909,395.6869002,343.7625391,449.0880787,3.122660855,2.712893772,3.544080241
pm25v0,HU31,Attribute,471.8846796,417.5867314,527.6425531,391.3934216,346.3568712,437.6409989,2.729639864,2.415548146,3.052177365
pm25v0,HU23,Attribute,360.3708637,322.7385432,396.8350324,384.2333846,344.1077704,423.1137683,2.777246208,2.487222151,3.058268818
pm25v0,HU22,Attribute,272.40252,239.5676642,304.9120443,275.3819999,242.1876851,308.2475081,2.131197944,1.874304386,2.385547043
pm25v0,HU21,Attribute,315.9721579,282.2343434,348.5280839,290.5501733,259.5262403,320.4874127,2.270188201,2.027791349,2.504093126
pm25v0,HU12,Attribute,363.5849781,315.2884422,412.2328589,302.4587817,262.2819919,342.9278179,2.619797002,2.271802199,2.970322141
pm25v0,HU11,Attribute,394.9749973,309.742408,475.634624,229.775351,180.1915634,276.6988425,1.788739391,1.402735412,2.154037105
pm25v0,HR0,Attribute,1185.267025,1071.505123,1303.997466,280.3799546,253.4688637,308.4664371,2.287504811,2.067950427,2.516648146
pm25v0,FRM02,Attribute,27.38419553,22.99144977,31.85485068,164.7960972,138.3624803,191.6979032,1.786989757,1.500352437,2.078704223
pm25v0,FRM01,Attribute,24.27154084,20.07498095,28.64219118,168.8056664,139.6210505,199.2001032,1.768951509,1.463115997,2.087466731
pm25v0,FRL06,Attribute,127.728842,102.8154907,152.6053998,234.5807504,188.8266922,280.266931,2.408283235,1.938582462,2.877274796
pm25v0,FRL05,Attribute,240.5246947,204.5288367,275.4660679,236.9988183,201.531666,271.4266202,2.366861842,2.012667958,2.710672894
pm25v0,FRL04,Attribute,417.153211,346.5957044,483.0331897,211.4241279,175.6645937,244.8127091,2.321827386,1.929131045,2.688483425
pm25v0,FRL03,Attribute,185.0747946,152.1035992,215.66914,171.9656102,141.3300626,200.3925887,1.581247148,1.299552911,1.842632085
pm25v0,FRL02,Attribute,15.26195139,7.763313404,22.45575294,112.1126387,57.02869286,164.9568677,1.127521341,0.573546395,1.658959702
pm25v0,FRL01,Attribute,27.31243556,20.47138839,33.76059446,172.1078693,128.9997392,212.7400288,1.698708032,1.273243643,2.099726897
pm25v0,FRK28,Attribute,48.02225623,34.87407087,60.04537426,64.63557588,46.93912425,80.8175379,0.916539345,0.665603377,1.145998766
pm25v0,FRK27,Attribute,30.51485772,19.22407926,41.38955294,73.36468784,46.21917311,99.50973994,0.902600253,0.56863617,1.224250164
pm25v0,FRK26,Attribute,182.4486629,144.9266257,219.3362973,104.710297,83.17604644,125.8803229,1.3764938,1.093413799,1.654784069
pm25v0,FRK25,Attribute,98.86208295,82.77898614,113.7100559,131.7645683,110.3288485,151.5540935,1.294260523,1.083708575,1.488642442
pm25v0,FRK24,Attribute,100.5668197,82.83558428,117.0100096,83.12529083,68.46936342,96.71651748,1.238406668,1.020069662,1.440879172
pm25v0,FRK23,Attribute,84.20768152,71.11123155,96.75141336,172.7348162,145.870687,198.4649871,1.980067305,1.672133744,2.274998828
pm25v0,FRK22,Attribute,63.25659974,52.94788389,73.3883715,200.4150466,167.7540524,232.5154403,2.012958146,1.684921282,2.335361296
pm25v0,FRK21,Attribute,55.7362024,47.2336977,63.74097273,92.947084,78.76838273,106.2956722,1.420428705,1.203755537,1.624413952
pm25v0,FRK14,Attribute,70.42567404,58.82181968,81.84886224,110.6577954,92.42501989,128.6066879,1.111533303,0.928390218,1.291824419
pm25v0,FRK13,Attribute,25.44240662,19.66816182,31.02492258,113.8184463,87.98678898,138.7924727,1.216049159,0.940067244,1.482864654
pm25v0,FRK12,Attribute,22.23250971,15.14748516,28.95340547,150.6244903,102.6236197,196.1584604,1.149807214,0.783389152,1.497392772
pm25v0,FRK11,Attribute,61.33442115,48.55489665,72.56210559,179.3308866,141.9656841,212.1588355,1.405401841,1.112578111,1.6626661
pm25v0,FRJ28,Attribute,45.43426637,39.34992018,51.255204,187.4095719,162.3125826,211.4200319,2.024022202,1.752986361,2.283320687
pm25v0,FRJ27,Attribute,63.19666039,53.2732297,72.09739132,168.0774583,141.6851953,191.7497477,1.636027366,1.379135867,1.866442247
pm25v0,FRJ26,Attribute,28.19822686,20.8878372,35.21660484,123.4644339,91.4562716,154.1940451,1.029678906,0.762738873,1.285953303
pm25v0,FRJ25,Attribute,30.75395155,23.69455249,36.67746748,178.5015817,137.5272631,212.883107,1.613157197,1.242879611,1.92384942
pm25v0,FRJ24,Attribute,33.65499015,27.56909789,39.40725014,180.2518835,147.6566967,211.0601472,1.724539057,1.412697436,2.019281282
pm25v0,FRJ23,Attribute,148.7265016,118.6935382,178.5450638,118.0815008,94.23713381,141.7554822,1.529519543,1.220665856,1.836164034
pm25v0,FRJ22,Attribute,39.8989675,30.45851267,48.54508117,144.5347885,110.3365499,175.8555136,1.240540468,0.947019302,1.509363073
pm25v0,FRJ21,Attribute,20.93346341,16.52611266,24.83046672,139.4799145,110.1136819,165.4456966,1.277959587,1.008900387,1.515861576
pm25v0,FRJ15,Attribute,95.75487965,80.51371795,111.0668097,212.422721,178.6121604,246.3900986,1.860043703,1.563996026,2.1574611
pm25v0,FRJ14,Attribute,8.684559288,5.973214787,11.32165012,113.3746134,77.97865224,147.8012797,1.006350087,0.692165805,1.311929041
pm25v0,FRJ13,Attribute,222.523386,188.8528706,257.0120965,209.6212547,177.9035721,242.1094602,2.17648447,1.847165226,2.513802622
pm25v0,FRJ12,Attribute,154.6298819,126.4087787,182.1604981,217.0820928,177.4628952,255.7319685,2.436004605,1.991429477,2.86969629
pm25v0,FRJ11,Attribute,64.88430005,54.60738822,74.35646936,182.6386527,153.710989,209.3010577,1.702977378,1.433254391,1.951576564
pm25v0,FRI34,Attribute,62.4401441,53.62420776,70.88784928,146.3033233,125.6467096,166.0971402,1.402807113,1.204746141,1.592594797
pm25v0,FRI33,Attribute,45.64147845,38.34636227,52.1608619,124.1901271,104.3400701,141.9294421,1.318213639,1.107523055,1.506498182
pm25v0,FRI32,Attribute,93.84783066,74.3371419,110.7630383,151.115097,119.6986287,178.3523077,1.383519524,1.0958944,1.63288031
pm25v0,FRI31,Attribute,55.84779456,46.69906388,64.0948723,159.199074,133.119711,182.7082187,1.46928501,1.228598263,1.686249245
pm25v0,FRI23,Attribute,51.25435915,41.26601725,60.39983129,137.7027746,110.8673902,162.2737121,1.111795329,0.895132229,1.310174708
pm25v0,FRI22,Attribute,23.01290631,16.05971028,29.50720075,189.0175132,131.9067223,242.3593929,1.327679202,0.926531535,1.702350291
pm25v0,FRI21,Attribute,41.41654374,32.73601574,49.36622188,171.7584963,135.7593588,204.7267771,1.338243753,1.057761066,1.595110984
pm25v0,FRI15,Attribute,78.91199782,61.30310187,95.40691004,120.6689843,93.74239021,145.892025,1.11978036,0.869911299,1.353839215
pm25v0,FRI14,Attribute,64.59486913,54.16117735,73.91934978,196.839726,165.0450337,225.2543532,1.819620438,1.525714104,2.0822788
pm25v0,FRI13,Attribute,55.33777962,44.83799082,65.70852035,143.8513025,116.5570739,170.8100171,1.541739775,1.249215759,1.830665894
pm25v0,FRI12,Attribute,213.8065925,174.8753141,249.2582755,145.3184965,118.8582738,169.4136415,1.591649756,1.301837972,1.85555642
pm25v0,FRI11,Attribute,77.42694807,61.90833203,91.32169047,188.5538643,150.7619415,222.3913264,1.681184677,1.344235823,1.982870988
pm25v0,FRH04,Attribute,78.94305416,59.15938664,97.26775434,109.3196011,81.92342018,134.6953874,1.05702393,0.792130057,1.302380796
pm25v0,FRH03,Attribute,82.49708843,62.48416614,100.5725646,82.8619848,62.76056245,101.0173816,0.995832283,0.754256209,1.214020147
pm25v0,FRH02,Attribute,89.10396261,63.34895139,113.9948805,99.51421571,70.75023639,127.3131038,0.890215163,0.63290621,1.138889057
pm25v0,FRH01,Attribute,59.29181301,40.01165157,78.04754125,101.0274399,68.17586586,132.9854917,0.921242196,0.621680337,1.21265369
pm25v0,FRG05,Attribute,67.774314,54.54036154,79.67273012,106.5295577,85.72784624,125.2321026,1.165247273,0.937718318,1.369813306
pm25v0,FRG04,Attribute,70.53447307,59.72825561,79.65043261,125.5813793,106.3415141,141.8118911,1.313179684,1.11199466,1.482896187
pm25v0,FRG03,Attribute,27.46757975,22.09730375,32.10719868,90.30405886,72.64825797,105.5577486,1.073219528,0.863392487,1.254497753
pm25v0,FRG02,Attribute,90.71985016,76.37406933,103.198073,115.0154946,96.8276396,130.8356655,1.338962526,1.127233012,1.523127405
pm25v0,FRG01,Attribute,109.2875065,83.80179725,132.9641752,83.86580871,64.30824094,102.0352209,1.012016853,0.776014883,1.231267293
pm25v0,FRF34,Attribute,39.15881855,30.29684953,47.38922247,104.1843557,80.6064463,126.0820016,1.019297821,0.788626002,1.233528364
pm25v0,FRF33,Attribute,101.8894412,86.22108906,116.1419145,97.76652484,82.73216478,111.442304,1.12568856,0.952585807,1.283147729
pm25v0,FRF32,Attribute,20.37071239,16.56486236,23.77721568,106.2328923,86.38531415,123.9979245,1.134914253,0.922882946,1.32469555
pm25v0,FRF31,Attribute,73.23135018,61.56255663,83.72474536,100.3328964,84.34568148,114.7097247,1.065463769,0.895692464,1.218133579
pm25v0,FRF24,Attribute,23.95801298,19.42596017,27.97886865,131.0679753,106.2743372,153.0649807,1.23463951,1.001087975,1.441847041
pm25v0,FRF23,Attribute,62.83511316,53.06872172,71.48195376,110.6857571,93.48198505,125.9174117,1.149946926,0.97121329,1.308191379
pm25v0,FRF22,Attribute,38.18742338,32.85122292,42.90209761,125.3842673,107.8632887,140.8645539,1.333807324,1.147422985,1.498483348
pm25v0,FRF21,Attribute,22.26743571,16.97522479,27.04597484,79.10985413,60.3080566,96.0867576,0.885767707,0.675253228,1.075848009
pm25v0,FRF12,Attribute,71.74020981,61.49349618,81.36212043,95.65689618,81.99423598,108.4864343,1.146280276,0.982561274,1.300014787
pm25v0,FRF11,Attribute,110.2880449,92.13514445,126.3954541,100.2782386,83.77297251,114.923649,1.254071256,1.047659862,1.437222997
pm25v0,FRE23,Attribute,60.43680397,48.12274448,71.13556936,106.2138003,84.57255815,125.0162878,1.024917687,0.816091967,1.206349785
pm25v0,FRE22,Attribute,69.18759036,55.46475872,81.45047874,85.60911617,68.6291566,100.7826319,1.234219767,0.989423546,1.452971852
pm25v0,FRE21,Attribute,66.96355412,57.34010489,75.62209356,124.4747264,106.5861427,140.5697139,1.283338647,1.098908526,1.449276399
pm25v0,FRE12,Attribute,152.4584155,121.1815357,180.9927341,104.2908695,82.89555295,123.810114,1.119182847,0.889583556,1.328648773
pm25v0,FRE11,Attribute,243.6277847,188.0868162,294.8025383,94.30991599,72.80966031,114.1199733,1.07148471,0.82721494,1.296550975
pm25v0,FRD22,Attribute,102.5443132,75.18865124,126.8970678,81.96574503,60.09979003,101.4314257,0.865988245,0.634970345,1.071646008
pm25v0,FRD21,Attribute,45.79724505,36.83681326,53.92174632,78.26944,62.95553123,92.15475702,1.067757993,0.858848004,1.257177844
pm25v0,FRD13,Attribute,30.11461298,22.18358471,38.3926939,104.0944379,76.67986978,132.7087169,1.014276114,0.74715561,1.293084945
pm25v0,FRD12,Attribute,48.31026765,33.96805351,62.19552384,97.32493956,68.43131482,125.2980434,0.958005324,0.673597664,1.233349657
pm25v0,FRD11,Attribute,62.81382939,48.5482131,75.65534392,91.95450999,71.07068416,110.7535967,0.928380283,0.717537776,1.118174156
pm25v0,FRC24,Attribute,15.26270121,12.98749156,17.32301022,107.1312185,91.16110924,121.5929214,1.111888016,0.946156918,1.26195985
pm25v0,FRC23,Attribute,27.86099241,23.52285643,31.75779261,117.3651259,99.09043961,133.7807126,1.438126255,1.214202307,1.639269032
pm25v0,FRC22,Attribute,31.05311879,25.73457049,35.9701928,119.662412,99.16742416,138.6103567,1.31465494,1.089490429,1.522822802
pm25v0,FRC21,Attribute,49.90653482,41.73484928,57.71356768,94.62722621,79.13299704,109.4300372,1.075080443,0.8990469,1.243258714
pm25v0,FRC14,Attribute,54.73879258,46.14423298,62.25365129,160.7668095,135.5245564,182.838036,1.408303943,1.187189935,1.601638928
pm25v0,FRC13,Attribute,91.84337548,75.93998428,105.8946185,166.0222812,137.2740884,191.422441,1.555480431,1.286141209,1.793450258
pm25v0,FRC12,Attribute,42.12228352,32.2176775,51.19601384,194.5779251,148.8247147,236.4931544,1.458265306,1.11537164,1.772393351
pm25v0,FRC11,Attribute,60.0778759,51.24351488,68.52950046,114.3794185,97.56008019,130.4700876,1.193700455,1.018171004,1.361624554
pm25v0,FRB06,Attribute,78.87850128,67.84212509,88.52357419,119.5945618,102.8612863,134.2183704,1.374757411,1.182407799,1.542858118
pm25v0,FRB05,Attribute,54.43519731,46.43062318,61.71959148,165.5034347,141.16629,187.6510113,1.624756016,1.385843993,1.842171456
pm25v0,FRB04,Attribute,84.55356797,73.5679826,94.49856358,142.7860564,124.2346164,159.5802506,1.527224526,1.328803229,1.706850022
pm25v0,FRB03,Attribute,39.88699018,31.65095979,47.14813274,174.4062902,138.3937171,206.156296,1.439957573,1.142633361,1.702086107
pm25v0,FRB02,Attribute,45.40311584,38.63232805,51.20481128,106.1646518,90.33262613,119.7306949,1.227447703,1.044405505,1.384290731
pm25v0,FRB01,Attribute,47.71130164,39.52026616,55.21550549,153.4661736,127.1191017,177.6040486,1.427974271,1.182826163,1.652564381
pm25v0,FR108,Attribute,101.1732797,70.85104531,131.254202,85.18134663,59.6519307,110.5076446,1.437486038,1.006658181,1.864889328
pm25v0,FR107,Attribute,134.1829516,87.75015722,181.3089679,100.513911,65.73224371,135.8145697,1.522205486,0.995470614,2.056792815
pm25v0,FR106,Attribute,108.7668765,60.27349232,158.6383719,70.69104632,39.17379598,103.1037354,1.451528735,0.804374484,2.117064962
pm25v0,FR105,Attribute,62.67076828,19.39135707,101.5345613,40.00114957,12.37703781,64.80677242,0.635128567,0.196520799,1.028980655
pm25v0,FR104,Attribute,97.33213912,73.8219683,120.6807858,78.77775606,59.74926827,97.67554344,1.294689717,0.981965104,1.605264364
pm25v0,FR103,Attribute,97.30374992,71.7838049,121.9163259,68.8336602,50.78056746,86.24488679,1.221531066,0.901163547,1.53050474
pm25v0,FR102,Attribute,111.852399,87.47640422,136.1201416,83.56583964,65.35401836,101.6969606,1.462157714,1.143523145,1.779369767
pm25v0,FR101,Attribute,97.57124563,0,230.1253977,44.30053887,0,104.4849684,0.579267458,0,1.366218008
pm25v0,FI1D,Attribute,19.07454917,0,58.40072971,14.6990733,0,45.00430659,0.143209315,0,0.438462652
pm25v0,FI1C,Attribute,31.71695502,3.387432527,59.83461489,27.53350602,2.940633499,51.94243618,0.233247772,0.024911424,0.440024278
pm25v0,FI1B,Attribute,18.32624213,0,41.47321096,11.99048328,0,27.13492571,0.149130791,0,0.337489144
pm25v0,FI19,Attribute,22.53254849,0,47.51968795,16.62097514,0,35.05251305,0.200204467,0,0.422215784
pm25v0,ES702,Attribute,86.05855537,63.32381528,108.8731269,112.26897,82.7906803,141.788323,1.225423654,0.901708307,1.550265469
pm25v0,ES701,Attribute,90.78828753,67.0077094,114.9529294,118.948273,87.8314595,149.073569,1.344274441,0.992169858,1.702060375
pm25v0,ES640,Attribute,8.882000958,6.208344153,11.62549976,116.6714277,81.55239179,152.7066271,1.925441954,1.345861388,2.520148662
pm25v0,ES630,Attribute,8.56670788,4.999952555,12.00734108,108.639162,63.40850008,152.2686259,1.663468524,0.970888003,2.33155109
pm25v0,ES620,Attribute,271.3499375,216.767711,329.5135582,192.0655802,153.4331061,233.2319867,2.607068012,2.082678942,3.165850985
pm25v0,ES618,Attribute,467.0450131,365.9368531,567.8706141,248.358133,194.5925356,301.9733809,3.107569406,2.434838095,3.778414931
pm25v0,ES617,Attribute,269.9073243,215.8175952,327.4476627,175.0213373,139.9483654,212.330927,2.271249211,1.816107345,2.755415905
pm25v0,ES616,Attribute,204.6795926,157.8153378,249.3178055,312.7605276,241.1491756,380.9706111,3.231157928,2.491343747,3.935828512
pm25v0,ES615,Attribute,132.614825,105.4722278,160.7744576,261.813705,208.2275549,317.4077914,3.056077795,2.430586924,3.705003679
pm25v0,ES614,Attribute,260.4241075,203.0822917,314.4964699,289.636229,225.8613427,349.7753732,3.345864281,2.60914951,4.040574564
pm25v0,ES613,Attribute,235.6529763,184.7286944,284.3223912,298.7267855,234.1719975,360.4233432,3.209986721,2.516315574,3.872941601
pm25v0,ES612,Attribute,195.4796557,152.9474898,240.2884511,161.0780476,126.0315437,198.0001223,2.097311778,1.640996838,2.578042909
pm25v0,ES611,Attribute,117.5714215,92.5456011,142.3112647,177.463293,139.6903026,214.804,2.457025704,1.934051184,2.974013874
pm25v0,ES530,Attribute,124.145639,97.854398,151.6295093,49.87593884,39.31334205,60.91767855,1.622287694,1.278744941,1.98140208
pm25v0,ES523,Attribute,476.5009294,384.7780064,568.5752992,192.0838764,155.1106168,229.1980898,2.191302765,1.769511173,2.614701739
pm25v0,ES522,Attribute,105.5478577,86.2408202,124.82542,186.2714561,152.1998374,220.2903607,2.096834444,1.713292924,2.479783265
pm25v0,ES521,Attribute,355.6123986,290.909784,419.8145389,200.3652308,163.9124297,236.5347124,2.480917259,2.029578751,2.92873933
pm25v0,ES514,Attribute,115.2431344,94.19087775,136.7706181,151.0501702,123.4568457,179.2663539,1.759825431,1.438349394,2.088556787
pm25v0,ES513,Attribute,81.68017156,64.07161115,99.43706924,195.0563875,153.0065138,237.4603485,1.954874643,1.533445589,2.379852979
pm25v0,ES512,Attribute,81.08530072,65.51481649,96.91450363,113.7521417,91.90895668,135.9581831,1.37440895,1.110491848,1.642708777
pm25v0,ES511,Attribute,676.9907687,502.1097656,845.5744485,125.9562713,93.41955571,157.3210691,1.506307769,1.117201559,1.881399343
pm25v0,ES432,Attribute,79.70059059,62.58964072,96.1153412,196.1740679,154.05715,236.577481,1.846051526,1.449736006,2.226234758
pm25v0,ES431,Attribute,145.4860989,113.1552447,176.2285231,214.6149342,166.9221907,259.9643164,2.192846879,1.705545331,2.656203348
pm25v0,ES425,Attribute,132.8359965,100.2232128,165.1039398,201.7612447,152.2288881,250.7683185,2.351676526,1.774336097,2.92289703
pm25v0,ES424,Attribute,30.99366627,22.34887564,39.62934941,131.7007035,94.96850901,168.3927011,1.68903273,1.217948888,2.159602193
pm25v0,ES423,Attribute,42.60485805,31.71909436,53.55515882,204.9379032,152.574654,257.611973,1.821901623,1.356404474,2.290152749
pm25v0,ES422,Attribute,137.3268015,102.6719304,171.9677792,269.6964474,201.6373263,337.7285103,2.69355754,2.01383509,3.373003601
pm25v0,ES421,Attribute,73.23198684,55.49583892,90.8941762,187.5412554,142.1204249,232.7726681,2.097212804,1.589300547,2.602997864
pm25v0,ES419,Attribute,47.58242971,35.84241218,59.08156605,251.4970947,189.4442855,312.2772883,1.814312224,1.366672112,2.252764261
pm25v0,ES418,Attribute,87.01448804,66.00131374,107.5722882,166.68715,126.4338179,206.0681344,1.854027785,1.406303566,2.292045731
pm25v0,ES417,Attribute,13.92099124,10.01270385,17.70972827,150.64428,108.3510748,191.6438996,1.226996441,0.882520834,1.560934216
pm25v0,ES416,Attribute,21.08453145,15.25378283,26.92302019,133.7041301,96.72944642,170.7278495,1.261427556,0.912595291,1.61071915
pm25v0,ES415,Attribute,50.50800977,38.26712384,62.2270502,146.4905799,110.9875183,180.4802714,1.323887835,1.003041265,1.631053434
pm25v0,ES414,Attribute,29.72342136,22.54466812,36.40027021,175.6338406,133.2145517,215.087653,1.450403743,1.100109531,1.776204175
pm25v0,ES413,Attribute,71.83782701,54.48172005,88.78416484,148.3042676,112.4734845,183.2892833,1.225262569,0.92924188,1.514291729
pm25v0,ES412,Attribute,37.41949813,29.15498634,45.61958778,102.8682032,80.14866308,125.4106184,0.998999261,0.77836319,1.217913207
pm25v0,ES411,Attribute,29.29231327,21.43989452,37.03637127,175.012258,128.0963217,221.2809375,1.426815204,1.04432846,1.804023045
pm25v0,ES300,Attribute,1057.753265,758.8532022,1355.411356,170.1753376,122.0899101,218.0587951,2.479170779,1.778648247,3.176749371
pm25v0,ES243,Attribute,224.1149518,171.4177285,276.1908153,236.9764106,181.2554397,292.0401044,2.395861776,1.832518096,2.952558844
pm25v0,ES242,Attribute,28.53938123,20.91794193,36.08018291,203.3780636,149.0654077,257.1164779,1.678835491,1.230503157,2.122423913
pm25v0,ES241,Attribute,45.8044732,35.23701983,56.23438756,207.2501837,159.4358201,254.4422925,1.827656445,1.406003363,2.243820571
pm25v0,ES230,Attribute,32.79556557,27.29970351,38.15414484,105.4476838,87.77685876,122.6770895,1.130612642,0.94114574,1.315346593
pm25v0,ES220,Attribute,53.40736966,44.07617833,62.58298474,85.9619595,70.94291627,100.7305953,1.001010226,0.82611864,1.172984977
pm25v0,ES213,Attribute,106.2573466,78.34929754,134.0406722,92.90194327,68.50163113,117.1932112,0.958493517,0.706750649,1.209110289
pm25v0,ES212,Attribute,50.91279527,35.6163935,65.45836535,72.5397623,50.74573405,93.26398104,0.79263058,0.554491898,1.019078693
pm25v0,ES211,Attribute,14.51166692,9.433894602,19.1306067,46.08935835,29.96222175,60.75925459,0.573329759,0.372715736,0.755816482
pm25v0,ES130,Attribute,53.99991949,38.96281329,68.00194796,93.72135615,67.62320279,118.023048,0.952843045,0.687510777,1.199910145
pm25v0,ES120,Attribute,108.1187574,63.7976722,152.3526286,102.1836563,60.29548361,143.9894879,0.840896914,0.496188513,1.184926752
pm25v0,ES114,Attribute,97.76379436,64.39548509,129.5098167,103.9429672,68.46563532,137.695452,1.109174707,0.730595512,1.469348829
pm25v0,ES113,Attribute,38.22894224,25.06022986,50.61726411,117.3401732,76.91988609,155.3652621,0.824341033,0.540380465,1.091473881
pm25v0,ES112,Attribute,31.49252638,18.33573467,44.93444866,91.29514981,53.15436615,130.2624333,0.636174012,0.370396253,0.907711832
pm25v0,ES111,Attribute,100.8590909,60.96035301,139.4048128,89.69432071,54.21225187,123.9731361,0.837946773,0.506462759,1.158191703
pm25v0,EL653,Attribute,101.4418296,85.56940684,116.648929,402.7325532,339.7174885,463.1062962,3.201138688,2.700273747,3.681004829
pm25v0,EL652,Attribute,66.1351042,55.76907831,76.11661168,449.606813,379.1370338,517.4619861,4.049942647,3.415260323,4.661043965
pm25v0,EL651,Attribute,75.06834149,63.96290503,86.22403026,403.3321982,343.6621578,463.2729597,3.269622402,2.785925678,3.755506572
pm25v0,EL645,Attribute,12.70116191,10.4578817,14.69999593,310.361626,255.5471101,359.2025255,2.66024339,2.190364829,3.078929707
pm25v0,EL644,Attribute,60.57324358,52.24242438,68.83502428,375.0739993,323.4886041,426.2320112,3.163637293,2.728558572,3.595102225
pm25v0,EL643,Attribute,4.704214954,3.081455323,6.260751701,235.0214427,153.9477341,312.7876602,2.046293273,1.340389658,2.723406839
pm25v0,EL642,Attribute,77.36217714,64.84977452,89.93366471,359.4818924,301.339513,417.8990248,3.299663276,2.766031397,3.835795668
pm25v0,EL641,Attribute,40.97249202,33.88545441,48.09953768,342.4466948,283.2144939,402.01284,3.141279416,2.597952266,3.687664392
pm25v0,EL633,Attribute,56.08787171,44.5851812,67.64365774,348.8787919,277.3279433,420.7607588,2.891101035,2.298180451,3.486760497
pm25v0,EL632,Attribute,81.95892421,68.3653406,95.00189058,262.3983966,218.8762003,304.1581487,2.641369637,2.203299089,3.061687128
pm25v0,EL631,Attribute,63.74451275,52.41199382,75.34946578,301.0778133,247.5505546,355.8925732,2.64251349,2.172745302,3.123566455
pm25v0,EL624,Attribute,8.883166651,6.541539061,11.21426237,374.9997262,276.1498262,473.4042548,2.88543965,2.124866059,3.642566192
pm25v0,EL623,Attribute,11.83834564,9.241690949,14.59996937,307.1835104,239.8060176,378.8409836,2.6820998,2.093807765,3.307762469
pm25v0,EL622,Attribute,36.84324723,28.56963199,45.44719037,352.7741286,273.5533134,435.1584578,2.87753215,2.231372691,3.549473227
pm25v0,EL621,Attribute,12.66522228,8.74597677,16.54375707,313.8519675,216.7306046,409.9645458,2.993685284,2.067320123,3.910401972
pm25v0,EL613,Attribute,65.17240062,56.44224622,73.70453349,317.855406,275.2773856,359.467582,2.96394948,2.566942751,3.35194249
pm25v0,EL612,Attribute,104.7166457,87.90296212,120.7547852,364.940579,306.343803,420.8347506,3.758058448,3.154712888,4.333551764
pm25v0,EL611,Attribute,109.4798478,92.14903058,126.9307734,444.2454664,373.9187026,515.0604177,3.390924745,2.854164398,3.931394247
pm25v0,EL543,Attribute,36.159093,31.18501242,40.59025493,212.893067,183.6072333,238.9823795,2.13240731,1.839083065,2.393712142
pm25v0,EL542,Attribute,11.14117864,8.898643996,13.53594318,252.6230636,201.7752013,306.9220814,2.289700477,1.828842096,2.781831827
pm25v0,EL541,Attribute,37.33347731,28.26378182,46.23720629,292.8054228,221.6701713,362.6401574,2.354001288,1.782150243,2.915373023
pm25v0,EL533,Attribute,13.70240894,10.92594624,16.17370442,269.6811479,215.0366,318.3196637,2.288913474,1.825132265,2.70171431
pm25v0,EL532,Attribute,13.77052238,11.27495383,16.23205491,275.9865084,225.9694725,325.3219392,2.563999277,2.099355681,3.022297785
pm25v0,EL531,Attribute,54.32850388,43.38008617,64.16636352,300.5295534,239.9645938,354.9517245,2.724821583,2.17573199,3.218203808
pm25v0,EL527,Attribute,31.98038966,27.36695731,36.48212404,295.9683346,253.2738475,337.6286768,2.996315942,2.5641126,3.418041927
pm25v0,EL526,Attribute,92.39401255,77.52241031,106.5858733,521.476083,437.5369051,601.5797756,3.624126917,3.040849423,4.180723788
pm25v0,EL525,Attribute,45.15615038,38.30780225,51.81345309,355.1991896,301.3322825,407.5625807,3.37411691,2.862459187,3.871480812
pm25v0,EL524,Attribute,50.38800112,43.37154865,57.02597995,358.5500721,308.622105,405.785006,3.096446119,2.665304971,3.504320766
pm25v0,EL523,Attribute,40.64157115,34.47865147,46.67319149,502.0703867,425.9357222,576.5831341,3.776173419,3.203630019,4.336491271
pm25v0,EL522,Attribute,285.8632769,245.0144833,326.3057153,255.4276265,218.9279735,291.5641888,2.930494273,2.511791405,3.345014054
pm25v0,EL521,Attribute,47.46446919,41.26057299,53.43862362,335.7971316,291.9067193,378.0621071,3.067504925,2.666602674,3.453549648
pm25v0,EL515,Attribute,34.36439629,29.16690978,39.48014252,249.32799,211.6177926,286.4452186,2.051348849,1.741099958,2.35671499
pm25v0,EL514,Attribute,25.72652795,21.81874772,29.48042901,263.9842728,223.8858817,302.5036819,2.088027943,1.770876891,2.392685593
pm25v0,EL513,Attribute,31.71576376,27.42322685,36.02599051,285.4077645,246.7794771,324.1952645,2.606998281,2.254164974,2.961283042
pm25v0,EL512,Attribute,23.17343227,19.54736444,26.79687821,209.4516203,176.6777606,242.2017341,2.357788848,1.988867774,2.72643775
pm25v0,EL511,Attribute,48.24076068,41.39882389,55.17624448,328.1838475,281.6380131,375.3660368,2.683770593,2.303150608,3.069589042
pm25v0,EL434,Attribute,46.6809202,38.01806002,55.83286723,301.6296756,245.6562832,360.7622804,3.08850679,2.515373469,3.693988203
pm25v0,EL433,Attribute,20.10296139,16.4371214,23.82902507,237.6101486,194.2819429,281.6498078,2.669451307,2.182668372,3.164231218
pm25v0,EL432,Attribute,25.37254775,21.08007557,29.67089819,337.9195058,280.750755,395.1666561,2.951000723,2.451763666,3.450918637
pm25v0,EL431,Attribute,66.87683316,53.47984238,80.60462922,219.2671283,175.3433177,264.2752581,2.537161874,2.028929743,3.057932696
pm25v0,EL422,Attribute,31.83330889,23.63030359,40.02579728,254.7400398,189.0985321,320.2963409,2.906021204,2.157239349,3.653801013
pm25v0,EL421,Attribute,41.26459774,31.22052945,51.61001467,200.131282,151.4189443,250.3045039,2.736500594,2.070452856,3.422508301
pm25v0,EL413,Attribute,17.6255894,14.65443878,20.61948729,329.331691,273.8166699,385.2715234,2.932250129,2.437958978,3.430325978
pm25v0,EL412,Attribute,15.57265037,12.83086457,18.35488325,361.5651368,297.9075453,426.1613345,3.03991773,2.504700574,3.583028922
pm25v0,EL411,Attribute,36.08360621,30.2782657,41.83842907,345.4505997,289.8728343,400.5446019,2.788472271,2.339842002,3.233200364
pm25v0,EL30,Attribute,1437.356023,1154.071001,1705.823761,368.0342676,295.4963468,436.7794344,3.910422745,3.139845893,4.640639521
pm25v0,EE00,Attribute,65.24784173,33.30066179,95.58449322,48.82208657,24.91739174,71.52174055,0.401556826,0.204942348,0.588261227
pm25v0,DK,Attribute,278.5071456,168.0501535,378.5127094,50.13511585,30.25137791,68.13741177,0.514308632,0.310331826,0.698985231
pm25v0,DEG,Attribute,284.0729586,201.4763079,367.002524,126.850541,89.96725321,163.8828264,1.050150528,0.74481592,1.356711118
pm25v0,DEF,Attribute,253.3301337,180.3740068,324.2441717,89.35867926,63.62450644,114.3724696,0.798474006,0.568526344,1.021982526
pm25v0,DEE,Attribute,429.8589233,329.3442605,524.964862,183.7149715,140.7559603,224.3626925,1.401561354,1.073836705,1.711648291
pm25v0,DED,Attribute,616.8617538,438.811656,791.3291144,148.3315872,105.5170081,190.2849339,1.203899756,0.856415241,1.544386313
pm25v0,DEC,Attribute,123.3475215,96.59115464,149.9105036,121.1440612,94.86562472,147.2325898,0.972262109,0.761362517,1.181636243
pm25v0,DEB,Attribute,432.8013368,353.5978032,509.7436712,107.2463892,87.62013163,126.31231,0.976507458,0.797807366,1.150104605
pm25v0,DEA,Attribute,1834.693145,1472.953926,2152.06598,102.7892508,82.52274095,120.5701085,0.946471807,0.759862782,1.110192461
pm25v0,DE9,Attribute,809.1653321,649.7211293,967.2955463,102.2708258,82.11863136,122.2569249,0.926798718,0.744177858,1.10791326
pm25v0,DE8,Attribute,183.9806736,135.4685872,228.3887649,111.7476524,82.28194868,138.7206632,0.970485284,0.714590939,1.204729411
pm25v0,DE7,Attribute,566.5430795,433.3750019,694.4858051,93.00134386,71.14114585,114.0037066,0.917233584,0.70163801,1.124367348
pm25v0,DE6,Attribute,89.34165285,39.53510742,133.2594429,50.80647131,22.48275451,75.78123554,0.515538524,0.228133856,0.768962955
pm25v0,DE5,Attribute,53.89968769,36.79319013,69.26106309,81.23464984,55.45277585,104.3863025,0.712814724,0.486585558,0.915963879
pm25v0,DE4,Attribute,420.5265646,342.3875089,497.5856528,167.6823228,136.5247582,198.4093035,1.476529556,1.202185481,1.747075887
pm25v0,DE3,Attribute,393.1329656,323.4309149,461.709889,114.5333244,94.22701813,134.5117089,1.203055859,0.989759406,1.412907583
pm25v0,DE2,Attribute,1040.086431,735.1359113,1371.731264,82.62163316,58.39734266,108.9662943,0.834381931,0.589746736,1.100428506
pm25v0,DE1,Attribute,917.5074743,702.8084377,1127.064833,85.4932983,65.48774937,105.0196913,0.918596949,0.703648865,1.128393906
pm25v0,CZ080,Attribute,184.7625025,125.5382778,246.333763,149.8965112,101.8479187,199.8496539,1.398372772,0.950136508,1.864370899
pm25v0,CZ072,Attribute,95.88648701,79.9252877,111.5521884,162.994622,135.8625151,189.62447,1.55621317,1.297168359,1.810461622
pm25v0,CZ071,Attribute,96.57259358,79.46871988,112.7321702,151.5114819,124.6773635,176.8641303,1.45155542,1.194475115,1.694441172
pm25v0,CZ064,Attribute,201.6962943,172.63093,230.06891,174.3298313,149.2083778,198.8524455,1.710121989,1.463687537,1.950682233
pm25v0,CZ063,Attribute,53.79039784,41.74761308,65.12741222,105.3676893,81.77759029,127.5752887,1.049344525,0.81441411,1.270506494
pm25v0,CZ053,Attribute,65.79674988,54.22074716,75.89400541,128.2661706,105.6996133,147.9500022,1.244648558,1.025670269,1.435654044
pm25v0,CZ052,Attribute,67.49010304,53.06050895,79.7999066,122.4685725,96.28442345,144.8061135,1.169631199,0.919559766,1.382965974
pm25v0,CZ051,Attribute,44.02994213,32.76045429,53.98281608,101.2178385,75.31117714,124.0977683,1.004396994,0.747324121,1.231434284
pm25v0,CZ042,Attribute,119.816095,99.53491279,137.253575,145.5420903,120.906306,166.7235912,1.330777849,1.105519788,1.524451056
pm25v0,CZ041,Attribute,26.71482916,18.86375305,34.35694204,88.62130855,62.57678346,113.9727079,0.852119328,0.601697563,1.095873529
pm25v0,CZ032,Attribute,70.56842613,57.72884805,82.59625582,124.6453207,101.9669429,145.8898269,1.17692288,0.962790241,1.377516461
pm25v0,CZ031,Attribute,77.14821758,62.24806287,90.28719443,121.8840735,98.34392135,142.6417565,1.188521264,0.958978546,1.390930601
pm25v0,CZ020,Attribute,193.5421728,162.4898055,224.7456966,156.0070105,130.978525,181.156694,1.518100852,1.27453651,1.762849525
pm25v0,CZ010,Attribute,127.1649401,78.1226223,175.1179028,104.393397,64.13406338,143.7573389,1.024747598,0.629540282,1.411181307
pm25v0,CY,Attribute,174.3572119,134.818999,214.6026743,215.2949948,166.4769917,264.9841085,3.27818986,2.534867259,4.034773358
pm25v0,CH07,Attribute,27.74913302,15.25339397,40.36646297,82.96972208,45.60832552,120.6933657,0.94387511,0.518847486,1.373022311
pm25v0,CH06,Attribute,23.40908733,8.475903656,37.81954661,31.4689813,11.39436829,50.84036778,0.427417258,0.154760208,0.690523337
pm25v0,CH05,Attribute,32.03512694,5.970661237,58.35779112,29.11499566,5.426468595,53.03767643,0.352731718,0.065742123,0.642559934
pm25v0,CH04,Attribute,54.01499161,22.1044411,83.40866879,39.84961231,16.30788831,61.53372766,0.515552022,0.210980288,0.796096167
pm25v0,CH03,Attribute,52.07295015,30.20633216,71.62455275,48.74350716,28.27528304,67.04441354,0.596517664,0.346029734,0.820482267
pm25v0,CH02,Attribute,75.82211635,35.49172915,116.8330797,43.16756047,20.20655906,66.51563772,0.486873844,0.227903062,0.750211748
pm25v0,CH01,Attribute,58.35029108,27.70376115,87.95102293,39.77124356,18.88294075,59.94630729,0.529755978,0.251521061,0.798492862
pm25v0,BG42,Attribute,658.438889,564.5496475,746.6845556,448.5973699,384.6267956,508.7237892,3.139625376,2.691940483,3.560398627
pm25v0,BG41,Attribute,697.2270886,556.1840775,835.6164518,330.6239585,263.7407141,396.2492644,2.453733095,1.957364729,2.940762254
pm25v0,BG34,Attribute,479.8687354,422.6426802,535.0059187,447.8157521,394.4096897,499.2730122,3.000412679,2.642602629,3.345161951
pm25v0,BG33,Attribute,356.6000203,312.6096437,403.9548665,376.3298633,329.9041614,426.3067527,2.647861163,2.321220592,2.999483509
pm25v0,BG32,Attribute,477.6189447,405.9658328,547.5134023,559.1931699,475.2971711,641.0317538,3.338938556,2.838020577,3.827563888
pm25v0,BG31,Attribute,575.6998407,481.2050913,671.161586,673.3480302,562.8132128,785.0189231,3.462195673,2.893874178,4.036349354
pm25v0,BE353,Attribute,7.339579628,5.604821543,9.080906861,112.8312019,86.16280634,139.6005815,1.004210145,0.766857897,1.242461531
pm25v0,BE352,Attribute,25.84730166,19.58965075,31.24269409,85.61314705,64.886201,103.4840401,0.856610524,0.649226321,1.035417756
pm25v0,BE351,Attribute,9.598342324,7.145729701,11.92208804,90.03534597,67.02918231,111.83265,0.833700524,0.620670688,1.035536447
pm25v0,BE345,Attribute,4.663499192,3.479820108,5.818012825,89.86570611,67.0561813,112.1132174,0.901393983,0.672604181,1.124546456
pm25v0,BE344,Attribute,4.382175915,2.567913584,6.100964141,73.1242804,42.85035364,101.8047804,0.699339536,0.40980737,0.97363396
pm25v0,BE343,Attribute,3.669041125,2.38143588,4.876632622,67.20575096,43.6207752,89.32505752,0.65978498,0.428241473,0.876940025
pm25v0,BE342,Attribute,2.652702687,1.378657907,3.861289206,58.79014263,30.5545363,85.57465912,0.648150078,0.336856952,0.943446834
pm25v0,BE341,Attribute,3.193914668,2.170041839,4.117173136,55.25826237,37.54420606,71.23152216,0.65370592,0.444148049,0.842670413
pm25v0,BE334,Attribute,9.749852053,7.916471215,11.5049866,129.2582372,104.9526686,152.5263008,1.251794443,1.016406459,1.477135573
pm25v0,BE333,Attribute,16.72548139,11.31689586,21.98526651,27.50153607,18.60825482,36.15014634,0.610132225,0.412831406,0.802004856
pm25v0,BE332,Attribute,61.19775405,47.73244673,72.54519043,101.0731463,78.8342265,119.8141851,0.897317487,0.699880616,1.063701058
pm25v0,BE331,Attribute,11.0825121,8.620074153,13.20793127,102.8196582,79.97420145,122.5383142,0.962614374,0.748732716,1.147222023
pm25v0,BE32X,Attribute,117.7842009,95.51841034,140.659115,65.44325515,53.07193709,78.15301442,1.244408221,1.009167498,1.486084029
pm25v0,BE328,Attribute,29.36604126,24.03023325,33.91143935,132.0613204,108.0658276,152.5022713,1.155368815,0.94543815,1.334201872
pm25v0,BE323,Attribute,33.18189229,26.584807,38.85447409,130.9235156,104.8938862,153.3053854,1.150631827,0.921867196,1.347338126
pm25v0,BE310,Attribute,28.13477232,20.78561156,34.65723718,73.81404635,54.53292596,90.92623397,0.836821363,0.618234246,1.030819188
pm25v0,BE258,Attribute,8.306834302,3.889938641,12.56052092,138.1266508,64.68235272,208.856739,1.114156001,0.521746828,1.684657868
pm25v0,BE257,Attribute,7.768084524,5.803445732,9.537857751,85.65168309,63.9893625,105.1654039,0.878887826,0.656606909,1.079121479
pm25v0,BE256,Attribute,13.02982196,9.857635066,15.84258522,88.95753719,67.30031596,108.1608859,0.93447416,0.706969506,1.13620224
pm25v0,BE255,Attribute,22.48860279,14.27581269,30.4167161,148.5097126,94.27460379,200.8645343,1.254030576,0.796067061,1.696113508
pm25v0,BE254,Attribute,27.2329104,20.68312292,33.20950503,96.29798678,73.13736731,117.431741,0.969282693,0.736160027,1.182004322
pm25v0,BE253,Attribute,10.90300149,8.704519308,12.84249487,103.0809986,82.29567643,121.4177633,1.024051709,0.817561914,1.20621626
pm25v0,BE252,Attribute,5.836359601,4.747817846,6.814744578,117.0630583,95.22957418,136.6870696,1.123225326,0.91372834,1.311523396
pm25v0,BE251,Attribute,27.42569098,18.85753679,35.19955046,98.73217348,67.88691249,126.7179854,0.958002914,0.658709827,1.229550685
pm25v0,BE242,Attribute,48.46970301,39.70433833,55.86924186,99.79105127,81.7445345,115.0255771,1.082830475,0.887010906,1.248136671
pm25v0,BE241,Attribute,47.91707393,34.56400192,60.4109845,79.98807483,57.6978743,100.8440045,0.899848384,0.649088868,1.134472429
pm25v0,BE236,Attribute,23.79597965,18.42309712,28.94669544,99.67052793,77.16602806,121.2444425,1.088672811,0.842864238,1.324316018
pm25v0,BE235,Attribute,13.91826489,11.31094535,16.41098926,116.0415284,94.30334306,136.8243066,1.112072459,0.903746922,1.311241869
pm25v0,BE234,Attribute,44.30435933,31.51397334,56.08599627,83.59413767,59.46107637,105.8238549,0.887950056,0.631605011,1.124077406
pm25v0,BE233,Attribute,9.249523476,7.284465792,11.1410162,112.4673086,88.57363668,135.4665024,1.096929616,0.863890428,1.321243052
pm25v0,BE232,Attribute,24.60930676,20.4061369,28.37990449,126.9044436,105.2297055,146.348502,1.268946474,1.052218787,1.463368351
pm25v0,BE231,Attribute,36.06671828,30.21446112,41.46917302,130.6434605,109.4450704,150.2125239,1.275678547,1.0686847,1.466762829
pm25v0,BE225,Attribute,21.93637554,19.00664578,24.4325065,87.99594025,76.24361287,98.00891848,1.279935004,1.109000326,1.425569454
pm25v0,BE224,Attribute,36.79453592,30.1792163,42.21290217,89.24296622,73.19795643,102.3848284,1.067534968,0.875605933,1.224735722
pm25v0,BE223,Attribute,22.971063,19.72339542,25.7894951,116.1104748,99.69478275,130.3565217,1.337685151,1.148569339,1.501804111
pm25v0,BE213,Attribute,36.05155229,28.12087085,42.68697346,82.44293199,64.30714172,97.61667282,0.987080795,0.769945885,1.168750564
pm25v0,BE212,Attribute,32.12440591,25.13962539,38.23748405,98.41308882,77.01517379,117.14056,1.01316406,0.792873709,1.20596167
pm25v0,BE211,Attribute,86.59503196,60.75297504,109.8707304,87.05185712,61.07359576,110.4501436,0.891737543,0.625621948,1.131424995
pm25v0,BE100,Attribute,55.49660164,14.76638773,94.00496978,50.56884812,13.45536124,85.6570853,0.590314864,0.157068994,0.999929141
pm25v0,AT342,Attribute,10.45312885,5.446631078,14.99101545,37.07213249,19.31670617,53.16536777,0.519034432,0.270448796,0.744345138
pm25v0,AT341,Attribute,0.36324078,0,3.396199851,4.092094432,0,38.25979797,0.053944054,0,0.504346686
pm25v0,AT335,Attribute,1.955712237,0,8.527349222,8.081729852,0,35.23793058,0.109694715,0,0.478286002
pm25v0,AT334,Attribute,0,0,4.078713247,0,0,40.44317009,0,0,0.576116344
pm25v0,AT333,Attribute,0.400447346,0,3.353741076,8.07099709,0,67.59507145,0.095232902,0,0.797532247
pm25v0,AT332,Attribute,1.637684043,0,11.53945468,5.711967103,0,40.2470941,0.071371928,0,0.50289196
pm25v0,AT331,Attribute,0,0,1.138108899,0,0,35.73216492,0,0,0.430005263
pm25v0,AT323,Attribute,3.596389494,0,12.38789313,10.3768347,0,35.74310179,0.127580469,0,0.439451643
pm25v0,AT322,Attribute,1.147371456,0,6.724669103,7.008956916,0,41.07889619,0.090085534,0,0.527975854
pm25v0,AT321,Attribute,0.110480294,0,0.898099231,5.312834531,0,43.18844436,0.063100971,0,0.512942114
pm25v0,AT315,Attribute,11.53623779,6.067153996,16.56267681,50.01306662,26.3030076,71.80402579,0.550418158,0.289478932,0.790234453
pm25v0,AT314,Attribute,8.779572289,4.949253252,12.43842684,57.30217731,32.30262663,81.18257884,0.602290349,0.339527236,0.85328814
pm25v0,AT313,Attribute,16.92971804,13.33031288,20.05222995,82.64858269,65.07685824,97.89215393,1.016784874,0.800612741,1.204313612
pm25v0,AT312,Attribute,41.6505317,27.50906162,54.97189875,75.23528391,49.69119848,99.29770757,0.845418934,0.558381265,1.115806077
pm25v0,AT311,Attribute,25.68805823,20.55342534,30.68383853,92.71587599,74.18360972,110.7469102,1.051619236,0.841422099,1.256129854
pm25v0,AT226,Attribute,4.05218091,0.07726084,8.008993221,39.01367442,0.743849762,77.10955112,0.356491507,0.006797117,0.704584865
pm25v0,AT225,Attribute,23.74396771,19.78983094,27.47347057,124.1420014,103.4684314,143.6410799,1.202473037,1.00222581,1.391343022
pm25v0,AT224,Attribute,34.0300377,28.61219177,38.95685234,127.4100255,107.1253347,145.8562789,1.363222486,1.146190574,1.560583099
pm25v0,AT223,Attribute,6.288963001,0,14.00479165,37.85581488,0,84.30090942,0.313652663,0,0.698465142
pm25v0,AT222,Attribute,0.793824783,0,3.841864761,9.898174961,0,47.90411247,0.098648781,0,0.477423294
pm25v0,AT221,Attribute,32.06027814,20.02015065,43.27993867,79.94858916,49.92484191,107.9256571,0.907881171,0.566933759,1.225590312
pm25v0,AT213,Attribute,13.28266436,9.047896662,17.42569416,86.46766702,58.89990181,113.4384285,0.844067443,0.574965779,1.107336642
pm25v0,AT212,Attribute,6.803460304,1.740753307,11.86250751,53.21564465,13.61582642,92.78732902,0.539924586,0.138149174,0.941395063
pm25v0,AT211,Attribute,18.28911089,10.61861798,25.87227027,66.06566046,38.35776701,93.45781326,0.661052074,0.383810316,0.935130245
pm25v0,AT130,Attribute,217.6486864,154.853329,278.6212122,126.9119638,90.29676194,162.4634624,1.342690481,0.955301122,1.718834856
pm25v0,AT127,Attribute,42.75669598,32.27170167,52.75650515,134.1277273,101.2368819,165.4962231,1.394984989,1.052909706,1.721225294
pm25v0,AT126,Attribute,52.99985648,45.78835868,60.16286649,173.8300508,150.1781968,197.3226986,1.829450565,1.580532099,2.076692806
pm25v0,AT125,Attribute,30.41396817,25.9890739,34.59426325,245.7426889,209.9899933,279.5190057,2.081948551,1.779060194,2.368090086
pm25v0,AT124,Attribute,27.71089179,21.42810912,33.59274767,125.8876402,97.34552809,152.6084301,1.143264608,0.884060738,1.385925586
pm25v0,AT123,Attribute,14.97679295,11.38389968,18.60832909,100.7985969,76.6175168,125.2395998,1.032264863,0.784630385,1.28256071
pm25v0,AT122,Attribute,30.89965718,25.2156167,36.33226416,121.9949528,99.55393762,143.443227,1.151594233,0.939759685,1.354057003
pm25v0,AT121,Attribute,21.38788432,16.8615495,25.53266034,88.53332197,69.79703708,105.6901412,0.955953549,0.753648301,1.141203099
pm25v0,AT113,Attribute,18.42198291,15.64064506,20.96507472,189.1119277,160.5599013,215.2182352,1.635603296,1.388665615,1.861387171
pm25v0,AT112,Attribute,26.97629819,23.01133094,30.71118536,180.3780566,153.8665758,205.3509876,1.738893535,1.483317985,1.979636439
pm25v0,AT111,Attribute,7.857500305,6.527133226,9.048839086,209.1726976,173.757321,240.8870298,1.756430449,1.459062946,2.022716106